stationName,DataType,1989,1990,1991,1992,1993,1994,1995,1996,1997,1998,1999,2000,2001,2002,2003,2004,2005,2006,2007,2008,2009,2010,2011,2012,2013,2014
AR-Slu,Temp,20.572,19.452,19.019,18.957,19.327,20.19,19.553,19.788,19.832,18.72,18.674,18.354,19.101,18.806,20.09,19.223,19.175,19.749,17.777,19.283,20.438,19,19.608,19.548,19.699,19.485
AR-Slu,Precip,481.593,538.677,706.601,557.167,436.069,521.859,394.495,364.214,606.062,593.755,645.797,563.859,602.48,669.552,351.182,622.004,483.105,586.959,582.723,500.823,358.612,415.009,309.423,587.902,425.124,697.692
AR-Slu,WS,2.548,2.509,2.417,2.56,2.503,2.499,2.433,2.463,2.427,2.439,2.434,2.42,2.489,2.484,2.572,2.535,2.528,2.551,2.45,2.386,2.533,2.513,2.539,2.582,2.59,2.596
AR-Vir,Temp,20.965,20.899,21.915,20.925,21.131,21.849,21.515,21.122,21.799,21.092,21.368,21.123,21.699,21.735,21.571,21.988,22.309,22.3,21.427,21.343,21.653,21.041,21.253,22.483,20.94,22.114
AR-Vir,Precip,1490.586,1891.547,1595.392,1675.88,2000.307,1932.354,1298.714,1518.838,1673.027,1989.194,1327.448,1719.269,1682.12,2095.511,1494.363,1009.565,1172.074,1211.331,1460.146,1181.605,1375.166,1664.062,1503.914,1130.195,1297.657,1853.98
AR-Vir,WS,2.039,2.186,2.226,2.217,2.14,2.238,2.234,2.137,2.292,2.188,2.097,2.19,2.151,2.346,2.197,2.266,2.326,2.18,2.181,2.127,2.187,2.246,2.176,2.227,2.194,2.265
AT-Neu,Temp,6.59,6.492,5.909,6.797,6.475,7.511,6.244,5.649,6.842,6.441,6.449,7.061,6.681,7.239,7.178,6.284,5.881,6.871,7.281,6.89,6.693,5.786,7.693,6.92,6.629,7.739
AT-Neu,Precip,658.714,657.588,683.161,709.867,699.93,567.891,586.937,689.49,610.68,643.242,711.528,759.733,624.711,769.9,577.508,621.24,572.482,593.259,612.904,783.906,685.111,706.672,671.251,758.139,765.205,777.873
AT-Neu,WS,0.892,0.898,0.897,0.906,0.964,0.935,0.954,0.925,0.904,0.941,0.96,0.953,0.985,0.917,0.898,0.925,0.913,0.886,0.929,0.946,0.946,0.942,0.859,0.962,0.925,0.932
AU-Ade,Temp,27.092,27.034,26.952,27.164,27.313,26.845,26.408,26.932,26.813,27.32,26.118,26.355,26.659,27.244,27.356,26.954,27.521,26.369,26.675,26.901,27.217,27.271,26.036,26.739,27.594,26.993
AU-Ade,Precip,1121.771,1240.508,1448.311,1229.884,1438.803,1129.742,1848.084,1260.711,1705.752,1630.888,1608.017,1619.58,1378.527,1012.394,1196.158,1049.229,849.5,1332.698,1479.546,1516.254,1082.614,1439.085,1708.27,1062.37,1016.056,1260.857
AU-Ade,WS,1.207,1.213,1.289,1.211,1.389,1.301,1.316,1.219,1.27,1.299,1.273,1.35,1.332,1.277,1.273,1.311,1.199,1.428,1.262,1.409,1.205,1.362,1.434,1.261,1.273,1.287
AU-ASM,Temp,22.158,22.961,22.881,22.835,22.234,22.509,22.493,23.201,22.149,23.439,22.861,21.222,21.589,23.064,22.899,23.068,23.494,22.877,22.85,23.26,23.463,20.928,21.601,22.26,24.187,22.687
AU-ASM,Precip,323.683,389.964,374.327,217.812,409.046,154.014,269.111,184.601,389.117,217.411,228.99,731.81,327.231,149.309,242.604,148.348,268.891,240.746,285.284,131.263,139.163,660.509,531.335,280.237,111.251,367.936
AU-ASM,WS,2.488,2.445,2.372,2.413,2.486,2.465,2.509,2.433,2.357,2.413,2.387,2.385,2.27,2.402,2.402,2.413,2.312,2.493,2.391,2.476,2.498,2.464,2.391,2.455,2.382,2.397
AU-Cpr,Temp,17.473,18.108,18.031,16.633,17.41,17.411,16.92,16.94,17.639,17.436,17.619,17.826,17.483,17.763,17.669,17.726,17.869,17.783,18.479,17.65,18.614,17.45,17.495,17.746,18.311,18.234
AU-Cpr,Precip,402.139,279.024,267.511,592.577,371.695,190.985,377.69,317.35,354.537,285.901,301.214,333.864,278.348,131.242,246.891,235.504,301.094,182.176,302.233,215.886,225.401,453.433,480.515,204.475,237.096,307.904
AU-Cpr,WS,2.48,2.604,2.447,2.392,2.311,2.415,2.426,2.507,2.254,2.373,2.328,2.362,2.417,2.502,2.443,2.398,2.45,2.327,2.469,2.395,2.498,2.277,2.34,2.446,2.455,2.355
AU-Cum,Temp,17.516,17.778,18.197,16.742,17.606,17.619,17.115,17.28,17.967,18.224,17.415,17.591,17.915,18.017,17.74,18.145,18.461,18.455,18.351,17.515,18.656,17.984,17.756,17.548,18.391,18.333
AU-Cum,Precip,692.713,952.049,600.529,732.949,527.63,436.363,595.963,597.456,525.462,819.9,657.965,538.438,434.393,455.679,606.292,518.48,507.626,381.572,749.565,587.367,475.179,746.937,654.175,646.695,604.561,593.365
AU-Cum,WS,1.583,1.603,1.546,1.484,1.399,1.548,1.587,1.618,1.409,1.502,1.43,1.487,1.521,1.527,1.555,1.522,1.488,1.471,1.532,1.549,1.612,1.504,1.563,1.495,1.547,1.46
AU-DaP,Temp,25.831,25.497,25.518,25.788,25.71,25.032,24.814,25.648,24.799,26.194,24.601,24.588,24.906,25.887,25.775,25.3,26.117,24.905,25.451,25.299,25.983,25.955,24.132,25.22,26.55,25.71
AU-DaP,Precip,1169.691,1482.459,1503.684,1394.829,1787.138,1592.627,1688.31,1219.729,1721.626,1394.523,1448.904,1665.748,1653.464,1004.738,1469.045,1545.175,1208.815,1157.234,1195.824,1723.892,1142.902,1368.425,1926.879,1183.832,1076.061,1506.458
AU-DaP,WS,1.69,1.674,1.799,1.615,1.881,1.805,1.796,1.682,1.701,1.789,1.753,1.857,1.85,1.761,1.755,1.788,1.682,1.952,1.747,1.913,1.698,1.886,1.958,1.784,1.715,1.832
AU-DaS,Temp,26.811,26.533,26.55,26.776,26.711,26.145,25.963,26.658,25.95,27.114,25.785,25.774,26.039,26.858,26.765,26.368,27.05,26.039,26.494,26.367,26.938,26.915,25.393,26.302,27.411,26.71
AU-DaS,Precip,1195.178,1514.993,1536.684,1425.44,1826.359,1627.579,1725.362,1246.986,1759.662,1424.385,1480.716,1702.29,1689.751,1026.788,1501.348,1582.029,1232.337,1182.85,1222.403,1761.453,1167.701,1398.456,1969.167,1209.831,1099.658,1540.097
AU-DaS,WS,1.43,1.416,1.522,1.366,1.591,1.527,1.519,1.423,1.439,1.514,1.483,1.571,1.565,1.49,1.485,1.513,1.423,1.651,1.478,1.619,1.437,1.596,1.657,1.509,1.451,1.55
AU-Dry,Temp,26.512,27.115,26.253,27.095,26.756,25.983,26.047,27.039,25.805,27.152,25.98,25.832,25.86,27.321,26.61,26.494,27.665,26.386,27.105,26.424,27.058,26.981,25.119,26.727,28.118,26.994
AU-Dry,Precip,942.461,936.185,1267.442,952.706,1175.21,1101.109,1025.849,853.867,1199.115,1004.509,908.919,1089.172,1173.645,580.202,1500.996,956.441,639.339,753.002,740.654,1113.699,688.854,964.669,1363.872,656.223,645.846,986.572
AU-Dry,WS,1.338,1.334,1.399,1.313,1.506,1.378,1.435,1.373,1.332,1.436,1.421,1.449,1.446,1.439,1.408,1.433,1.392,1.579,1.425,1.475,1.387,1.548,1.506,1.469,1.442,1.482
AU-Emr,Temp,21.233,22.095,22.193,22.382,22.612,22.283,22.487,22.259,22.111,22.584,21.753,21.221,22.593,22.703,22.716,22.897,23.188,22.574,22.029,21.185,22.463,20.961,20.983,21.237,22.532,22.486
AU-Emr,Precip,916.637,692.13,629.142,427.233,430.615,360.959,517.769,730.719,542.717,743.658,621.9,884.673,339.556,436.032,466.792,384.113,462.525,430.101,681.106,992.393,538.492,1339.242,591.612,801.344,588.69,758.521
AU-Emr,WS,2.679,2.829,2.607,2.734,2.796,2.834,2.791,2.697,2.655,2.634,2.835,2.865,2.662,2.738,2.721,2.653,2.691,2.831,2.709,2.639,2.696,2.73,2.746,2.634,2.767,2.778
AU-Fog,Temp,25.998,25.934,25.844,26.077,26.24,25.727,25.246,25.822,25.691,26.248,24.928,25.188,25.522,26.165,26.288,25.846,26.469,25.203,25.54,25.788,26.135,26.195,24.837,25.61,26.549,25.889
AU-Fog,Precip,1121.771,1240.508,1448.311,1229.884,1438.803,1129.742,1848.084,1260.711,1705.752,1630.888,1608.017,1619.58,1378.527,1012.394,1196.158,1049.229,849.5,1332.698,1479.546,1516.254,1082.614,1439.085,1708.27,1062.37,1016.056,1260.857
AU-Fog,WS,1.721,1.73,1.839,1.727,1.981,1.855,1.877,1.739,1.812,1.852,1.816,1.925,1.9,1.821,1.816,1.869,1.71,2.036,1.8,2.009,1.719,1.943,2.045,1.798,1.816,1.835
AU-Gin,Temp,18.362,17.666,18.543,17.949,18,19.002,18.45,18.796,18.736,18.836,18.96,18.632,17.987,18.51,18.512,18.398,17.8,18.693,18.436,18.511,18.826,19.047,19.532,19.025,19.102,19.159
AU-Gin,Precip,603.769,636.245,736.212,994.173,591.011,495.926,749.899,771.197,630.546,677.801,942.393,568.339,480.389,489.993,637.274,539.025,579.915,470.887,569.031,628.672,611.877,330.09,779.479,604.792,605.699,492.95
AU-Gin,WS,3.09,3.134,3.133,3.165,3.112,3.023,3.203,3.339,3.149,3.159,3.219,3.191,2.986,3.168,3.155,3.123,3.094,3.112,3.227,3.182,3.219,3.013,3.177,3.091,3.056,3.066
AU-GWW,Temp,19.151,19.303,20.416,18.269,18.811,20.226,18.352,19.434,19.408,19.785,19.481,18.686,18.771,20.004,19.609,19.634,19.727,19.393,19.759,19.37,19.673,19.789,19.172,19.458,20.03,19.735
AU-GWW,Precip,171.832,249.655,166.12,513.964,382.103,169.521,562.806,263.334,294.101,326.49,253.743,330.707,274.09,151.585,260.733,206.223,156.604,322.759,193.181,279.487,231.602,173.506,389.232,245.46,306.774,422.627
AU-GWW,WS,3.865,3.847,3.902,3.746,3.769,3.719,3.873,4.001,3.793,3.86,3.941,3.808,3.726,3.877,3.934,3.769,3.832,3.781,3.876,3.851,3.794,3.731,3.804,3.803,3.724,3.716
AU-How,Temp,26.806,26.753,26.679,26.871,27.007,26.582,26.183,26.661,26.552,27.013,25.92,26.135,26.412,26.944,27.046,26.68,27.196,26.148,26.426,26.632,26.919,26.969,25.845,26.485,27.263,26.716
AU-How,Precip,1544.504,1706.253,1992.074,1691.64,1978.997,1553.9,2541.941,1734.041,2344.909,2244.462,2211.743,2227.647,1896.091,1392.494,1644.54,1443.305,1169.008,1832.739,2035.353,2085.383,1488.843,1979.762,2349.634,1461.234,1397.531,1734.242
AU-How,WS,1.286,1.293,1.374,1.291,1.48,1.386,1.402,1.299,1.354,1.384,1.357,1.439,1.42,1.361,1.357,1.397,1.278,1.522,1.345,1.501,1.284,1.451,1.528,1.344,1.357,1.371
AU-Lox,Temp,16.632,17.032,16.868,15.742,16.462,16.361,16.034,15.944,16.554,16.361,16.662,16.741,16.403,16.624,16.589,16.555,16.744,16.711,17.447,16.66,17.416,16.503,16.615,16.809,17.207,17.157
AU-Lox,Precip,246.702,213.157,223.579,439.155,231.206,149.459,246.155,235.434,251.976,216.967,197.792,247.615,210.562,96.456,190.13,187.483,214.731,115.313,216.291,140.6,181.547,309.589,291.387,135.359,182.786,215.499
AU-Lox,WS,2.484,2.585,2.442,2.379,2.304,2.419,2.435,2.497,2.222,2.361,2.316,2.365,2.395,2.505,2.451,2.4,2.439,2.332,2.469,2.403,2.466,2.288,2.32,2.441,2.462,2.35
AU-RDF,Temp,26.37,26.613,26.074,26.545,26.256,25.549,25.568,26.312,25.521,26.531,25.275,25.379,25.584,26.753,26.424,26.113,26.978,25.911,26.436,26.008,26.564,26.389,24.922,26.309,27.398,26.454
AU-RDF,Precip,1347.764,1405.924,1678.645,1486.825,2004.244,1613.411,1823.099,1336.156,1853.576,1829.354,1592.338,1690.582,1769.922,910.907,2271.01,1576.364,1085.966,1118.767,1230.868,1773.514,1159.936,1566.801,2351.639,879.801,1016.676,1597.275
AU-RDF,WS,2.057,2.052,2.18,1.979,2.309,2.146,2.162,2.045,2.052,2.189,2.139,2.196,2.202,2.188,2.103,2.186,2.07,2.4,2.15,2.271,2.107,2.358,2.314,2.25,2.211,2.285
AU-Rig,Temp,14.913,15.44,15.245,14.03,14.584,14.664,14.071,13.85,15.328,15.164,15.304,15.179,15.308,15.586,15.201,15.04,15.478,15.688,16.491,15.467,16.126,15.348,15.173,15.146,15.851,16.102
AU-Rig,Precip,637.461,531.987,528.942,709.09,608.213,338.696,592.611,576.03,318.118,498.93,481.722,457.666,338.27,246.655,433.164,381.321,513.857,197.233,411.75,362.439,386.371,686.218,547.318,428.726,418.698,384.843
AU-Rig,WS,2.354,2.524,2.466,2.385,2.387,2.459,2.465,2.52,2.381,2.412,2.381,2.382,2.4,2.599,2.49,2.443,2.432,2.4,2.523,2.434,2.51,2.413,2.404,2.481,2.519,2.41
AU-Rob,Temp,21.549,21.705,21.643,21.845,21.46,21.476,21.785,21.629,21.214,22.207,21.363,21.367,21.844,21.842,22.015,21.699,22.077,21.464,21.709,21.643,21.806,22.241,21.316,21.562,21.91,21.682
AU-Rob,Precip,3670.553,3583.554,2928.682,2312.701,2052.136,1974.681,2621.412,2658.8,3323.691,4081.224,3716.111,4934.558,3249.736,1687.883,2136.293,3007.142,2038.033,3459.72,3452.319,3811.753,3153.287,4548.665,3871.245,2507.122,2761.211,2279.979
AU-Rob,WS,1.336,1.46,1.389,1.294,1.487,1.531,1.42,1.365,1.405,1.359,1.462,1.474,1.398,1.432,1.458,1.463,1.494,1.623,1.477,1.476,1.366,1.513,1.42,1.432,1.463,1.516
AU-Stp,Temp,25.521,26.788,25.501,26.901,25.612,25.777,26.038,26.35,25.519,27.233,25.701,24.592,24.414,26.448,25.417,25.68,27.279,24.78,26.342,26.66,26.369,26.03,24.551,25.743,27.535,25.628
AU-Stp,Precip,926.371,694.242,1130.857,567.643,1050.39,683.129,711.51,661.531,902.602,493.265,800.522,1407.077,1542.221,375.911,1262.153,742.909,414.563,1243.225,629.005,457.745,541.606,836.219,1187.681,558.362,469.042,1070.244
AU-Stp,WS,2.583,2.576,2.445,2.524,2.749,2.753,2.821,2.662,2.608,2.883,2.667,2.689,2.609,2.639,2.724,2.643,2.62,2.826,2.767,2.826,2.631,2.908,2.784,2.758,2.666,2.641
AU-TTE,Temp,23.889,23.299,23.734,22.645,22.822,24.613,23.528,24.4,23.946,24.474,24.192,23.927,23.828,23.73,23.735,23.252,23.511,23.792,24.03,23.904,24.131,24.231,24.469,24.347,24.31,24.304
AU-TTE,Precip,337.884,471.421,271.77,421.62,481.397,231.175,507.392,388.773,286.644,489.982,476.951,506.886,147.418,369.599,134.837,282.907,311.633,246.47,249.115,506.796,146.744,301.435,577.365,228.916,382.559,223.924
AU-TTE,WS,2.43,2.476,2.365,2.335,2.497,2.308,2.326,2.305,2.318,2.398,2.195,2.359,2.344,2.337,2.417,2.402,2.511,2.287,2.42,2.364,2.364,2.391,2.229,2.212,2.373,2.276
AU-Tum,Temp,9.087,9.452,9.565,8.186,8.818,8.52,8.385,8.345,9.477,9.709,9.074,8.946,9.282,9.367,9.373,9.448,9.612,9.95,10.028,9.231,9.985,9.349,9.077,8.852,9.736,9.992
AU-Tum,Precip,1278.968,1254.041,1199.235,1381.509,1158.582,911.502,1218.977,1103.131,702.824,993.204,967.025,992.717,776.811,774.447,1058.711,728.565,1069.856,484.545,1103.886,959.418,827.731,1341.394,1228.347,1228.817,850.89,1048.617
AU-Tum,WS,2.62,2.804,2.833,2.555,2.57,2.739,2.764,2.863,2.564,2.694,2.565,2.63,2.694,2.769,2.736,2.734,2.701,2.603,2.716,2.687,2.821,2.685,2.621,2.711,2.812,2.662
AU-Wac,Temp,10.22,10.52,10.3,9.522,10.106,9.919,9.47,9.323,10.377,10.187,10.507,10.476,10.462,10.574,10.267,10.104,10.736,10.476,11.215,10.435,10.868,10.501,10.439,10.396,10.835,11.024
AU-Wac,Precip,4065.134,3558.518,3842.465,4439.094,4108.467,2696.933,3911.867,4047.78,2160.634,3381.5,2865.509,3025.964,2461.729,1927.039,2890.057,2994.64,3254.696,1723.071,3063.232,2673.791,2746.24,4395.913,3935.08,3115.956,2935.024,2457.729
AU-Wac,WS,3.76,4.082,3.944,3.852,3.911,3.964,3.983,4.094,3.801,3.865,3.816,3.872,3.858,4.191,4.01,3.938,3.925,3.764,4.035,3.875,3.994,3.848,3.808,4.059,4.072,3.904
AU-Whr,Temp,15.106,15.565,15.295,14.321,14.844,14.925,14.354,14.099,15.329,15.166,15.432,15.352,15.386,15.702,15.251,15.134,15.559,15.644,16.433,15.542,16.151,15.406,15.322,15.424,15.907,16.109
AU-Whr,Precip,606.998,469.375,514.298,694.645,551.298,287.266,544.43,537.041,310.754,471.116,433.224,414.901,302.921,192.985,399.227,346.235,468.56,198.275,387.011,326.5,348.942,644.444,529.719,352.243,351.506,322.614
AU-Whr,WS,2.333,2.479,2.412,2.34,2.338,2.435,2.427,2.469,2.324,2.336,2.331,2.353,2.359,2.545,2.449,2.397,2.373,2.353,2.486,2.406,2.454,2.349,2.362,2.438,2.477,2.365
AU-Wom,Temp,11.041,11.332,11.045,10.327,11.02,10.795,10.236,10.073,11.065,10.824,11.276,11.324,11.167,11.275,11,10.835,11.505,11.202,11.909,11.124,11.637,11.173,11.185,11.301,11.6,11.78
AU-Wom,Precip,1145.134,978.113,1145.289,1424.713,1056.819,710.555,1107.993,1086.079,725.121,1000.496,832.384,885.739,767.96,522.977,784.831,811.785,898.995,505.722,1008.051,740.168,822.679,1324.496,1189.738,817.985,811.477,623.638
AU-Wom,WS,3.086,3.289,3.163,3.103,3.147,3.228,3.224,3.298,3.038,3.074,3.053,3.145,3.125,3.314,3.244,3.153,3.142,3.022,3.242,3.146,3.199,3.054,3.073,3.242,3.261,3.098
AU-Ync,Temp,16.225,16.975,17.024,15.28,15.784,16.281,15.58,15.68,17.083,16.911,16.568,16.558,16.897,17.291,16.97,16.936,17.057,17.68,18.141,17.1,17.984,16.722,16.605,16.486,17.619,17.768
AU-Ync,Precip,965.438,786.291,568.625,1041.977,912.867,530.031,935.659,701.459,493.837,700.869,870.011,728.744,509.978,440.577,694.988,452.042,713.71,285.222,574.005,583.023,482.886,1072.562,846.179,760.124,605.708,671.303
AU-Ync,WS,3.373,3.56,3.474,3.289,3.259,3.44,3.44,3.546,3.244,3.387,3.378,3.365,3.361,3.555,3.449,3.394,3.395,3.294,3.479,3.404,3.591,3.403,3.456,3.457,3.51,3.379
BE-Bra,Temp,11.174,11.112,10.012,10.725,10.116,11.005,10.826,9.14,10.532,10.564,11.025,11.028,10.575,11.095,10.931,10.596,10.977,11.32,11.293,10.732,10.813,9.55,11.36,10.501,10.083,11.706
BE-Bra,Precip,605.923,678.223,660.293,773.924,805.19,794.194,759.824,626.542,729.805,1024.843,866.406,920.474,969.858,913.701,682.017,775.786,734.442,815.409,925.288,841.25,716.547,796.109,714.204,915.005,724.954,772.43
BE-Bra,WS,2.937,3.312,2.992,3.131,3.167,3.187,3.133,2.931,2.96,3.322,3.257,3.282,3.106,3.169,2.832,3.079,2.972,3.141,3.215,3.218,3.065,2.903,3.119,3.092,3.089,3.012
BE-Lon,Temp,11.825,11.688,10.691,11.331,10.793,11.775,11.487,9.818,11.189,11.032,11.581,11.661,11.215,11.744,11.735,11.053,11.536,11.869,11.839,11.268,11.382,10.283,12.074,11.142,10.731,12.308
BE-Lon,Precip,609.861,599.311,561.14,689.02,723.883,694.506,690.887,543.238,633.494,802.25,737.512,780.023,815.051,784.417,547.23,663.005,547.25,691.862,774.884,700.122,643.246,674.804,581.357,712.708,663.904,655.744
BE-Lon,WS,2.859,3.218,2.926,3.06,3.152,3.141,3.114,2.916,2.943,3.29,3.262,3.225,3.125,3.159,2.842,3.049,2.955,3.103,3.171,3.132,3.031,2.904,2.995,3.071,3.025,2.939
BE-Vie,Temp,8.756,8.588,7.618,8.317,7.692,8.742,8.366,6.636,8.065,7.919,8.505,8.638,8.147,8.654,8.562,7.938,8.393,8.782,8.788,8.221,8.296,7.171,8.984,8.087,7.665,9.3
BE-Vie,Precip,891.595,888.508,798.433,976.104,1033.686,980.615,974.242,772.567,857.971,1119.522,1022.526,1075.286,1119.846,1073.629,769.08,943.841,781.384,925.997,1090.022,959.501,943.43,965.137,797.299,984.881,959.24,924.094
BE-Vie,WS,2.298,2.587,2.347,2.45,2.528,2.532,2.507,2.328,2.358,2.654,2.626,2.587,2.509,2.527,2.285,2.458,2.374,2.49,2.563,2.503,2.423,2.314,2.397,2.455,2.418,2.33
BR-Sa3,Temp,25.257,25.515,25.673,25.769,25.458,25.369,25.799,25.542,26.207,26.44,25.587,25.463,25.705,26.071,25.992,25.698,26.007,25.871,26.035,25.798,26.315,26.437,26.028,26.209,26.112,26.346
BR-Sa3,Precip,1472.76,1344.711,1383.066,1241.121,1301.089,1519.427,1405.453,1501.21,1343.42,1282.183,1440.223,1559.512,1411.005,1345.157,1414.588,1642.789,1609.466,1832.156,1527.299,1562.111,1452.499,1471.726,1590.416,1527.264,1720.338,1466.618
BR-Sa3,WS,1.629,1.785,1.903,2.115,1.875,1.809,1.814,1.696,2.027,1.946,1.668,1.725,1.975,2.051,2.067,1.905,1.924,1.967,2.079,1.907,2.129,2.009,2.036,2.158,2.161,2.335
CA-Man,Temp,-3.249,-2.802,-1.93,-2.061,-1.854,-1.496,-1.878,-2.697,-1.593,0.193,0.113,-1.313,0.311,-1.922,-0.693,-3.266,-0.665,0.753,-1.526,-1.964,-1.706,0.975,-0.392,-0.435,-2.079,-2.356
CA-Man,Precip,261.346,279.455,333.079,260.911,300.258,235.913,291.569,283.556,363.725,300.903,337.97,372.223,314.894,311.238,235.3,274.625,537.823,333.457,370.29,311.986,297.003,314.881,308.856,313.97,305.833,278.436
CA-Man,WS,3.33,3.453,3.318,3.247,3.403,3.3,3.125,3.19,3.237,3.135,3.387,3.364,3.373,3.407,3.374,3.235,3.415,3.362,3.322,3.347,3.29,3.352,3.447,3.333,3.268,3.452
CA-NS1,Temp,-1.076,-0.631,0.239,0.109,0.315,0.672,0.291,-0.526,0.575,2.356,2.277,0.855,2.474,0.247,1.473,-1.093,1.501,2.915,0.642,0.205,0.462,3.136,1.773,1.731,0.091,-0.186
CA-NS1,Precip,212.487,227.212,270.81,212.134,244.125,191.809,237.06,230.546,295.727,244.65,274.787,302.636,256.025,253.052,191.311,223.284,437.277,271.118,301.065,253.661,241.479,256.015,251.116,255.274,248.658,226.383
CA-NS1,WS,2.164,2.244,2.156,2.11,2.211,2.145,2.03,2.073,2.103,2.037,2.201,2.186,2.192,2.214,2.192,2.102,2.219,2.184,2.159,2.175,2.138,2.178,2.24,2.166,2.124,2.243
CA-NS2,Temp,-4.536,-4.127,-3.328,-3.448,-3.259,-2.931,-3.281,-4.031,-3.02,-1.385,-1.458,-2.763,-1.277,-3.321,-2.196,-4.551,-2.17,-0.873,-2.959,-3.36,-3.124,-0.67,-1.921,-1.96,-3.465,-3.718
CA-NS2,Precip,233.593,249.779,297.709,233.205,268.372,210.86,260.606,253.445,325.1,268.949,302.08,332.696,281.455,278.187,210.313,245.462,480.71,298.046,330.968,278.855,265.464,281.443,276.058,280.629,273.356,248.868
CA-NS2,WS,2.508,2.6,2.498,2.445,2.563,2.485,2.353,2.402,2.437,2.361,2.551,2.533,2.54,2.566,2.541,2.436,2.572,2.531,2.502,2.521,2.478,2.525,2.596,2.51,2.461,2.6
CA-NS3,Temp,-3.933,-3.511,-2.688,-2.812,-2.616,-2.279,-2.64,-3.412,-2.37,-0.685,-0.76,-2.106,-0.573,-2.681,-1.521,-3.949,-1.494,-0.156,-2.307,-2.721,-2.477,0.053,-1.237,-1.277,-2.829,-3.09
CA-NS3,Precip,135.554,144.947,172.76,135.329,155.736,122.362,151.23,147.074,188.656,156.071,175.297,193.063,163.328,161.432,122.045,142.441,278.956,172.956,192.06,161.82,154.049,163.321,160.196,162.849,158.628,144.418
CA-NS3,WS,1.938,2.01,1.931,1.89,1.981,1.921,1.819,1.857,1.884,1.825,1.972,1.958,1.964,1.983,1.964,1.883,1.988,1.957,1.934,1.949,1.915,1.952,2.007,1.94,1.902,2.01
CA-NS4,Temp,-3.053,-2.612,-1.751,-1.88,-1.676,-1.323,-1.7,-2.508,-1.419,0.343,0.265,-1.142,0.46,-1.743,-0.531,-3.069,-0.503,0.896,-1.353,-1.785,-1.53,1.115,-0.234,-0.276,-1.898,-2.171
CA-NS4,Precip,194.809,208.308,248.28,194.486,223.814,175.851,217.338,211.365,271.124,224.296,251.926,277.458,234.725,231.999,175.395,204.708,400.897,248.562,276.017,232.557,221.389,234.715,230.224,234.036,227.971,207.548
CA-NS4,WS,1.301,1.349,1.297,1.269,1.33,1.29,1.221,1.247,1.265,1.225,1.324,1.315,1.318,1.332,1.319,1.264,1.335,1.314,1.298,1.308,1.286,1.31,1.347,1.303,1.277,1.349
CA-NS5,Temp,-3.711,-3.291,-2.471,-2.594,-2.399,-2.063,-2.422,-3.192,-2.154,-0.476,-0.551,-1.891,-0.365,-2.463,-1.308,-3.726,-1.282,0.051,-2.091,-2.503,-2.261,0.259,-1.025,-1.065,-2.611,-2.871
CA-NS5,Precip,213.783,228.597,272.462,213.428,245.614,192.979,238.506,231.952,297.531,246.142,276.463,304.482,257.587,254.596,192.478,224.646,439.944,272.771,302.901,255.208,242.952,257.576,252.647,256.831,250.175,227.764
CA-NS5,WS,1.584,1.643,1.578,1.545,1.619,1.57,1.487,1.518,1.54,1.492,1.611,1.6,1.605,1.621,1.605,1.539,1.625,1.599,1.581,1.592,1.565,1.595,1.64,1.586,1.555,1.642
CA-NS6,Temp,-2.452,-1.994,-1.098,-1.233,-1.02,-0.654,-1.046,-1.886,-0.753,1.079,0.998,-0.465,1.201,-1.09,0.171,-2.469,0.2,1.654,-0.684,-1.134,-0.869,1.881,0.479,0.436,-1.251,-1.535
CA-NS6,Precip,187.515,200.508,238.983,187.203,215.434,169.267,209.2,203.451,260.972,215.897,242.492,267.069,225.935,223.312,168.827,197.043,385.886,239.254,265.682,223.849,213.099,225.926,221.603,225.273,219.434,199.777
CA-NS6,WS,2.361,2.448,2.352,2.302,2.413,2.34,2.215,2.262,2.295,2.223,2.401,2.385,2.392,2.415,2.392,2.293,2.421,2.383,2.355,2.373,2.333,2.377,2.444,2.363,2.317,2.448
CA-NS7,Temp,-3.54,-3.012,-2.006,-1.962,-1.884,-1.707,-1.918,-2.762,-1.551,0.258,-0.07,-1.379,0.237,-2.074,-0.711,-3.318,-0.641,1.135,-1.443,-2.073,-1.789,1.071,-0.523,-0.561,-2.052,-2.496
CA-NS7,Precip,244.618,257.3,300.357,239.898,250.98,213.186,263.261,246.557,341.727,258.59,330.711,333.72,286.999,259.362,243.301,254.437,414.349,286.531,329.438,289.388,290.047,268.304,263.922,302.456,269.219,276.315
CA-NS7,WS,1.355,1.418,1.364,1.331,1.392,1.355,1.277,1.305,1.331,1.288,1.373,1.38,1.378,1.385,1.39,1.343,1.405,1.377,1.358,1.375,1.359,1.367,1.405,1.351,1.338,1.419
CA-Qfo,Temp,-0.845,0.31,0.3,-1.062,-0.623,-0.357,0.315,-0.118,-0.739,1.91,1.61,0.274,1.797,-0.025,-0.079,-0.441,1.465,2.291,0.773,0.693,0.301,2.73,1.088,1.997,0.674,-0.227
CA-Qfo,Precip,815.775,984.442,801.67,930.234,1059.086,928.742,987.784,962.636,935.909,976.162,1208.481,935.92,897.435,971.034,992.515,970.687,933.932,958.715,885.115,1117.26,834.714,864.106,1002.418,969.342,1014.02,1038.833
CA-Qfo,WS,2.421,2.493,2.502,2.473,2.423,2.507,2.525,2.452,2.461,2.475,2.564,2.512,2.499,2.538,2.434,2.542,2.541,2.529,2.65,2.539,2.496,2.511,2.451,2.548,2.514,2.486
CA-SF1,Temp,-1.484,-1.221,-0.268,-0.479,-0.121,-0.79,-0.693,-2.595,0.17,1.095,0.803,-0.93,1.342,-0.99,-0.229,-1.599,0.525,1.265,-0.553,-1.373,-1.154,0.812,0.255,0.396,-1.332,-1.666
CA-SF1,Precip,359.918,337.586,370.289,299.667,352.827,371.279,354.484,430.13,393.499,301.053,347.685,406.839,377.207,330.792,347.292,460.92,475.173,507.91,424.99,332.601,356.857,475.865,433.927,457.675,368.651,376.112
CA-SF1,WS,2.245,2.332,2.298,2.155,2.306,2.245,2.128,2.152,2.222,2.094,2.281,2.259,2.274,2.267,2.325,2.279,2.363,2.332,2.314,2.207,2.177,2.228,2.251,2.288,2.152,2.268
CA-SF2,Temp,-1.06,-0.844,0.018,-0.126,0.13,-0.439,-0.409,-2.345,0.492,1.373,1.155,-0.56,1.679,-0.564,0.24,-1.144,0.805,1.524,-0.191,-0.968,-0.903,0.959,0.623,0.72,-1.118,-1.254
CA-SF2,Precip,257.535,236.616,285.792,206.434,266.676,264.356,235.538,291.527,284.726,241.987,265.88,290.686,231.243,242.67,213.359,357.684,360.206,361.078,294.597,236.538,257.179,356.074,285.02,331.879,264.441,290.869
CA-SF2,WS,1.873,1.931,1.909,1.796,1.918,1.853,1.77,1.809,1.847,1.736,1.908,1.881,1.902,1.901,1.95,1.904,1.974,1.963,1.923,1.861,1.818,1.851,1.892,1.931,1.803,1.912
CA-SF3,Temp,-0.202,0.01,0.853,0.713,0.964,0.407,0.436,-1.458,1.318,2.18,1.967,0.288,2.479,0.284,1.071,-0.283,1.624,2.328,0.65,-0.111,-0.048,1.775,1.446,1.541,-0.258,-0.391
CA-SF3,Precip,309.078,283.973,342.991,247.75,320.049,317.264,282.68,349.874,341.712,290.419,319.094,348.864,277.525,291.238,256.061,429.272,432.298,433.344,353.558,283.879,308.651,427.339,342.065,398.302,317.366,349.083
CA-SF3,WS,2.286,2.356,2.329,2.192,2.34,2.261,2.16,2.208,2.254,2.119,2.328,2.296,2.321,2.32,2.38,2.323,2.408,2.395,2.347,2.271,2.218,2.259,2.309,2.356,2.2,2.333
CH-Cha,Temp,9.775,9.616,8.865,9.55,9.147,10.414,9.086,8.282,9.447,9.087,9.236,9.869,9.226,9.862,9.992,9.042,8.964,9.781,9.808,9.546,9.53,8.427,10.158,9.407,8.988,10.434
CH-Cha,Precip,916.122,1144.743,998.967,1173.188,1065.252,1095.63,1285.614,981.201,892.399,1059.162,1343.231,1069.719,1274.572,1335.952,877.631,1007.872,1036.325,1058.087,1274.09,1132.579,1074.791,1175.878,1040.063,1314.628,1140.731,1055.131
CH-Cha,WS,1.01,1.088,0.994,1.054,1.089,1.096,1.119,1.036,1.004,1.118,1.098,1.069,1.103,1.063,1.02,1.057,1.008,1.059,1.082,1.06,1.049,1.048,0.956,1.069,1.026,1.003
CH-Dav,Temp,3.652,3.461,2.991,3.662,3.205,4.143,3.019,2.628,3.662,3.239,3.22,3.715,3.346,3.836,3.917,3.146,2.769,3.628,3.752,3.515,3.426,2.603,4.325,3.549,3.289,4.169
CH-Dav,Precip,784.139,865.908,877.993,921.614,952.131,820.042,854.828,764.279,735.025,779.13,940.941,961.475,849.097,1002.605,712.574,669.988,724.669,748.916,792.235,952.033,808.062,895.594,793.915,982.906,904.834,894.258
CH-Dav,WS,1.655,1.643,1.633,1.647,1.827,1.769,1.777,1.767,1.664,1.739,1.797,1.798,1.843,1.714,1.684,1.726,1.667,1.719,1.681,1.746,1.765,1.734,1.659,1.788,1.742,1.784
CH-Fru,Temp,7.94,7.696,7.119,7.756,7.317,8.412,7.228,6.76,7.907,7.33,7.386,7.828,7.507,7.976,8.216,7.311,7.067,7.885,7.977,7.648,7.586,6.595,8.534,7.591,7.243,8.321
CH-Fru,Precip,1190.486,1320.17,1193.433,1311.494,1348.228,1254.386,1315.857,1072.07,1039.498,1174.276,1461.85,1309.762,1368.228,1513.458,1039.234,1081.703,1068.522,1113.856,1209.641,1410.775,1246.356,1397.137,1219.646,1556.426,1367.968,1350.935
CH-Fru,WS,1.436,1.429,1.4,1.419,1.528,1.48,1.522,1.499,1.396,1.479,1.521,1.516,1.556,1.491,1.44,1.483,1.427,1.458,1.446,1.485,1.514,1.491,1.384,1.509,1.487,1.515
CH-Lae,Temp,8.056,7.906,7.195,7.844,7.462,8.661,7.405,6.644,7.746,7.405,7.546,8.145,7.537,8.138,8.262,7.363,7.289,8.062,8.088,7.84,7.825,6.781,8.419,7.709,7.312,8.68
CH-Lae,Precip,962.013,1202.537,1048.555,1231.955,1120.921,1149.186,1349.03,1030.378,937.074,1112.218,1410.541,1123.278,1338.423,1403.007,921.481,1058.494,1088.163,1111.172,1337.749,1189.649,1128.283,1234.78,1092.805,1379.836,1197.872,1107.984
CH-Lae,WS,2.174,2.342,2.141,2.269,2.346,2.36,2.409,2.23,2.162,2.407,2.363,2.303,2.374,2.289,2.196,2.276,2.17,2.279,2.331,2.283,2.258,2.257,2.058,2.302,2.209,2.16
CH-Oe1,Temp,9.453,9.408,8.702,9.303,8.896,10.126,8.875,7.949,9.133,8.855,9.014,9.635,9.048,9.552,9.73,8.801,8.754,9.509,9.537,9.124,9.316,8.15,9.848,9.143,8.666,10.011
CH-Oe1,Precip,1016.079,1253.79,1075.639,1296.479,1135.378,1215.052,1442.936,1070.098,982.514,1138.039,1456.191,1154.66,1449.001,1464.836,941.317,1150.06,1144.703,1240.562,1417.893,1194.645,1155.822,1283.053,1091.186,1395.36,1321.198,1230.542
CH-Oe1,WS,1.919,2.109,1.917,2.043,2.09,2.108,2.122,1.935,1.919,2.178,2.142,2.039,2.151,2.042,1.923,2.055,1.944,2.01,2.126,2.021,1.99,1.994,1.812,2.071,1.949,1.844
CH-Oe2,Temp,9.859,9.812,9.091,9.705,9.289,10.546,9.268,8.321,9.532,9.247,9.409,10.044,9.445,9.96,10.142,9.192,9.144,9.916,9.944,9.522,9.718,8.527,10.262,9.542,9.054,10.429
CH-Oe2,Precip,1457.708,1799.044,1542.847,1859.98,1631.085,1741.518,2069.558,1535.155,1409.553,1632.676,2089.142,1656.488,2078.795,2101.646,1350.344,1650.015,1642.232,1779.887,2033.915,1714.034,1658.039,1840.719,1565.895,2001.402,1895.442,1765.384
CH-Oe2,WS,1.569,1.724,1.568,1.671,1.709,1.724,1.735,1.582,1.569,1.781,1.751,1.667,1.759,1.67,1.573,1.68,1.59,1.643,1.738,1.652,1.627,1.631,1.482,1.693,1.593,1.508
CN-Cha,Temp,4.688,4.825,3.883,4.139,3.823,4.653,4.178,3.921,4.487,5.348,4.386,3.829,4.063,4.386,4.571,4.862,3.638,4.574,5.166,4.967,4.337,3.792,3.671,3.357,3.956,4.516
CN-Cha,Precip,489.244,566.288,482.333,485.601,452.054,534.181,644.466,512.816,413.594,549.13,442.826,545.635,497.267,524.451,401.747,476.908,519.001,427.974,481.158,344.316,404.905,572.574,340.847,538.583,526.867,396.388
CN-Cha,WS,2.322,2.33,2.462,2.357,2.378,2.524,2.456,2.573,2.476,2.475,2.564,2.421,2.46,2.473,2.285,2.506,2.558,2.404,2.31,2.402,2.492,2.481,2.409,2.404,2.554,2.341
CN-Cng,Temp,6.575,6.402,5.585,5.756,5.742,6.134,6.53,5.891,6.703,6.63,5.967,5.623,5.836,6.588,6.755,6.87,5.401,6.252,7.45,6.772,5.778,4.817,5.45,4.614,5.387,6.653
CN-Cng,Precip,284.14,436.298,372.931,388.784,345.905,507.622,372.929,318.184,258.635,534.483,270.957,238.317,191.102,252.734,334.152,274.548,395.921,228.573,246.436,363.577,241.943,304.89,323.922,436.093,363.767,308.082
CN-Cng,WS,3.476,3.61,3.42,3.294,3.343,3.347,3.465,3.631,3.627,3.491,3.592,3.412,3.49,3.461,3.545,3.533,3.413,3.375,3.381,3.485,3.628,3.651,3.402,3.475,3.699,3.231
CN-Dan,Temp,2.116,2.457,2.453,1.802,2.611,2.429,2.654,2.554,1.608,3.251,3.261,2.237,2.707,2.266,2.403,1.821,2.459,2.778,2.319,2.051,2.902,2.898,1.939,2.229,2.149,2.679
CN-Dan,Precip,427.46,484.689,392.872,374.132,450.321,368.808,450.521,461.943,479.289,546.371,500.546,496.861,456.941,507.232,515.008,587.613,452.687,439.608,479.923,550.958,394.567,427.676,402.555,392.68,481.182,490.549
CN-Dan,WS,2.721,2.506,2.625,2.637,2.604,2.59,2.74,2.7,2.543,2.562,2.609,2.516,2.638,2.43,2.569,2.416,2.697,2.51,2.534,2.512,2.737,2.537,2.554,2.798,2.451,2.663
CN-Din,Temp,19.941,20.297,20.449,19.603,19.739,20.035,19.588,19.742,19.89,20.604,20.238,20.027,20.282,20.436,20.535,20.393,20.389,20.572,21.074,20.199,20.805,20.36,19.94,20.038,20.199,20.329
CN-Din,Precip,1579.395,1540.903,1513.524,1866.164,1808.226,1770.398,1914.114,1558.546,2308.781,1932.408,1680.689,1645.733,1768.959,1701.767,1365.506,1172.284,1590.538,1678.919,964.736,1300.692,1296.187,1683.137,1219.522,2015.95,2012.079,1706.576
CN-Din,WS,1.849,1.757,1.804,1.723,1.825,1.702,1.845,1.838,1.662,1.812,1.785,1.753,1.73,1.696,1.818,1.692,1.805,1.719,1.775,1.749,1.736,1.793,1.834,1.725,1.828,1.641
CN-Du2,Temp,3.563,3.258,2.861,2.675,2.516,3.539,2.754,2.24,3.351,3.963,3.536,2.969,3.273,3.547,2.923,2.971,2.368,3.101,3.822,2.605,3.005,2.025,2.238,1.346,2.566,3.712
CN-Du2,Precip,309.737,404.946,347.103,497.14,345.877,502.334,387.695,400.074,330.475,406.901,345.238,270.107,297.23,277.774,435.515,348.867,331.052,348.987,258.01,388.21,214.928,367.346,247.872,400.089,342.491,312.896
CN-Du2,WS,3.61,3.571,3.62,3.571,3.686,3.661,3.84,3.802,3.682,3.525,3.743,3.72,3.651,3.717,3.548,3.731,3.81,3.573,3.482,3.727,3.819,3.824,3.56,3.834,3.877,3.482
CN-Ha2,Temp,-1.413,-0.792,-0.667,-1.279,-0.92,-0.353,-1.564,-1.738,-1.383,-0.498,-1.055,-1.44,-1.212,-1.174,-1.408,-1.694,-1.416,-0.832,-1.257,-1.392,-1.084,-1.306,-1.925,-2.463,-1.226,-1.78
CN-Ha2,Precip,421.6,343.136,310.292,396.389,375.778,333.982,472.001,495.989,509.653,537.978,585.898,526.091,589.773,632.369,641.166,452.359,487.574,458.53,501.19,359.329,489.394,490.84,451.237,472.84,426.905,590.279
CN-Ha2,WS,1.509,1.553,1.539,1.597,1.548,1.55,1.539,1.6,1.471,1.506,1.51,1.558,1.581,1.58,1.527,1.613,1.5,1.543,1.531,1.529,1.579,1.693,1.481,1.505,1.519,1.465
CN-HaM,Temp,-0.943,-0.267,-0.131,-0.797,-0.407,0.21,-1.107,-1.297,-0.911,0.052,-0.554,-0.973,-0.724,-0.683,-0.937,-1.249,-0.946,-0.311,-0.774,-0.92,-0.586,-0.827,-1.5,-2.086,-0.739,-1.342
CN-HaM,Precip,436.561,355.313,321.303,410.456,389.113,345.834,488.751,513.59,527.738,557.069,606.689,544.76,610.701,654.81,663.919,468.412,504.877,474.802,518.975,372.08,506.76,508.258,467.25,489.62,442.054,611.226
CN-HaM,WS,1.803,1.856,1.839,1.909,1.85,1.852,1.839,1.912,1.758,1.8,1.804,1.862,1.889,1.888,1.825,1.928,1.792,1.843,1.83,1.827,1.887,2.023,1.77,1.798,1.816,1.751
CN-Qia,Temp,17.606,17.859,17.891,17.369,17.271,17.814,17.623,17.429,17.596,18.82,17.976,17.557,18.021,18.196,18.678,18.17,17.894,18.299,18.717,17.948,18.487,18.158,17.597,17.502,18.542,18.467
CN-Qia,Precip,1329.619,1419.341,1243.457,1504.791,1465.486,1603.758,1423.726,1332.359,1765.974,1543.658,1530.333,1663.35,1500.951,1789.586,1053.934,1152.432,1303.312,1377.514,1075.606,1104.986,1010.269,1466.614,1009.468,1532.734,1305.13,1605.147
CN-Qia,WS,1.573,1.586,1.658,1.517,1.542,1.466,1.562,1.57,1.48,1.645,1.498,1.5,1.461,1.417,1.619,1.512,1.582,1.524,1.552,1.52,1.509,1.558,1.566,1.507,1.654,1.392
CN-Sw2,Temp,4.09,3.901,3.759,3.173,3.127,4.181,3.237,2.603,4.047,4.744,4.422,3.414,3.596,3.956,3.002,3.207,3.151,3.842,4.157,2.73,3.554,2.801,2.549,1.819,3.622,4.202
CN-Sw2,Precip,199.347,325.483,303.237,504.338,257.015,369.084,341.306,403.757,327.135,360.922,334.342,289.674,327.035,310.767,510.073,357.917,170.417,197.22,217.798,313.76,168.415,286.729,156.355,399.074,231.277,236.95
CN-Sw2,WS,3.649,3.719,3.721,3.616,3.575,3.667,3.806,3.821,3.702,3.69,3.657,3.676,3.605,3.67,3.644,3.809,3.639,3.752,3.514,3.741,3.929,3.988,3.56,3.724,3.849,3.513
CZ-Bk1,Temp,6.827,6.674,5.701,6.479,5.878,7.004,5.959,4.897,5.58,6.215,6.717,7.391,6.103,6.914,6.587,6.158,5.946,6.56,7.33,7.391,6.917,5.855,6.952,6.877,6.731,7.923
CZ-Bk1,Precip,1237.561,1249.666,1229.994,1201.533,1063.243,1254.872,1313.988,1365.695,1498.213,1390.023,1417.966,1440.025,1514.407,1332.405,970.098,1251.886,1458.811,1243.515,1405.18,1157.938,1317.258,1574.671,1021.905,1164.644,1230.875,1391.901
CZ-Bk1,WS,1.958,2.058,1.938,2.067,2.073,2.057,2.065,1.938,1.981,2.179,2.109,2.043,2.01,2.063,1.958,2.055,1.955,1.895,2.094,2.079,1.939,1.97,1.888,1.996,1.965,1.903
CZ-Bk2,Temp,6.184,6.03,5.047,5.833,5.226,6.363,5.308,4.235,4.925,5.566,6.073,6.754,5.453,6.272,5.942,5.508,5.294,5.914,6.692,6.754,6.275,5.202,6.31,6.235,6.087,7.292
CZ-Bk2,Precip,1119.177,1130.124,1112.334,1086.595,961.534,1134.832,1188.293,1235.054,1354.895,1257.054,1282.324,1302.273,1369.54,1204.948,877.299,1132.131,1319.262,1124.561,1270.761,1047.17,1191.25,1424.04,924.15,1053.235,1113.13,1258.752
CZ-Bk2,WS,0.682,0.717,0.675,0.72,0.722,0.717,0.72,0.675,0.69,0.759,0.735,0.712,0.7,0.719,0.682,0.716,0.681,0.66,0.73,0.724,0.676,0.686,0.658,0.696,0.685,0.663
CZ-wet,Temp,8.31,8.184,7.187,8.371,7.591,8.926,7.683,6.12,7.378,7.921,8.101,8.798,7.706,8.568,8.234,7.6,7.523,8.075,8.908,8.673,8.358,7.138,8.53,8.258,8.043,9.325
CZ-wet,Precip,563.764,554.048,570.296,569.109,582.634,468.172,697.484,688.169,618.756,659.935,666.082,655.759,647.468,734.704,443.658,517.338,636.7,578.951,601.544,582.777,698.353,662.492,479.965,580.776,673.472,596.387
CZ-wet,WS,1.357,1.418,1.37,1.47,1.514,1.468,1.497,1.364,1.407,1.545,1.441,1.434,1.413,1.436,1.329,1.455,1.417,1.354,1.526,1.396,1.391,1.384,1.361,1.392,1.359,1.298
DE-Akm,Temp,9.968,9.91,8.636,9.516,8.336,9.394,8.961,7.147,8.936,8.956,9.661,9.966,9.039,9.735,9.32,9.161,9.398,10.073,10.246,10.102,9.387,8.019,9.417,8.973,9.103,10.458
DE-Akm,Precip,500.177,622.807,553.528,516.643,659.999,688.21,597.521,510.815,558.575,751.831,655.14,619.866,679.5,696.417,478.552,655.435,567.864,608.771,885.393,618.033,577.549,707.819,772.994,625.168,600.942,605.283
DE-Akm,WS,2.712,2.901,2.672,2.813,2.802,2.832,2.766,2.514,2.66,2.905,2.669,2.723,2.638,2.754,2.583,2.763,2.685,2.575,2.903,2.876,2.676,2.644,2.801,2.765,2.665,2.68
DE-Geb,Temp,10.101,9.958,8.802,9.679,8.789,10.119,9.208,7.383,9.023,9.338,9.883,10.221,9.293,9.793,9.721,9.308,9.639,9.985,10.313,9.95,9.668,8.223,10.107,9.601,9.143,10.712
DE-Geb,Precip,469.656,443.383,393.88,543.843,544.454,547.971,557.84,460.083,468.785,611.793,497.683,455.331,600.472,664.956,382.675,545.574,443.284,483.864,698.423,492.119,560.668,566.658,417.116,509.709,542.957,532.972
DE-Geb,WS,2.986,3.328,3.055,3.191,3.278,3.302,3.219,2.934,2.997,3.436,3.268,3.196,3.11,3.143,2.871,3.209,3.042,3.042,3.42,3.199,3.047,2.957,3.127,3.104,3.038,2.815
DE-Gri,Temp,8.891,8.776,7.575,8.6,7.664,8.898,7.982,6.187,7.734,8.275,8.738,9.213,8.016,8.652,8.631,8.193,8.26,8.942,9.268,8.977,8.581,7.137,8.918,8.506,8.072,9.63
DE-Gri,Precip,849.436,789.732,769.179,831.999,933.021,907.928,1079.131,902.711,819.077,978.178,790.218,865.619,991.367,1186.782,606.173,961.327,888.363,830.273,994.418,937.431,922.704,1227.73,800.017,931.477,982.137,900.585
DE-Gri,WS,2.1,2.296,2.101,2.228,2.271,2.278,2.231,2.018,2.093,2.37,2.205,2.189,2.126,2.157,2.012,2.213,2.104,2.06,2.341,2.188,2.091,2.065,2.138,2.139,2.071,1.952
DE-Hai,Temp,8.734,8.598,7.493,8.331,7.48,8.751,7.88,6.135,7.703,8.005,8.526,8.85,7.962,8.439,8.371,7.976,8.293,8.623,8.937,8.59,8.32,6.938,8.741,8.256,7.818,9.319
DE-Hai,Precip,681.857,643.713,571.843,789.563,790.45,795.556,809.884,667.958,680.593,888.214,722.547,661.06,871.778,965.397,555.575,792.076,643.568,702.484,1013.986,714.469,813.99,822.687,605.578,740.007,788.276,773.779
DE-Hai,WS,2.813,3.135,2.878,3.006,3.088,3.111,3.032,2.764,2.823,3.236,3.079,3.011,2.929,2.961,2.705,3.023,2.866,2.865,3.222,3.013,2.871,2.786,2.946,2.924,2.862,2.652
DE-Kli,Temp,8.068,7.956,6.792,7.786,6.879,8.074,7.188,5.449,6.947,7.471,7.919,8.379,7.22,7.836,7.816,7.391,7.457,8.118,8.433,8.151,7.767,6.368,8.094,7.695,7.274,8.784
DE-Kli,Precip,729.681,678.394,660.739,714.703,801.482,779.927,926.994,775.445,703.602,840.273,678.812,743.583,851.603,1019.468,520.714,825.798,763.12,713.22,854.223,805.271,792.62,1054.643,687.229,800.156,843.674,773.619
DE-Kli,WS,3.294,3.602,3.296,3.495,3.563,3.574,3.5,3.165,3.283,3.718,3.459,3.433,3.336,3.385,3.156,3.472,3.3,3.232,3.673,3.432,3.281,3.239,3.354,3.355,3.249,3.062
DE-Lkb,Temp,4.747,4.633,3.877,4.827,4.199,5.331,4.262,3.015,4.04,4.418,4.509,5.018,4.32,4.993,4.883,4.24,4.252,4.69,5.219,4.951,4.792,3.791,4.993,4.741,4.42,5.621
DE-Lkb,Precip,1022.811,1025.95,1053.683,1097.395,1231.785,992.742,1328.285,1103.341,1161.286,1202.082,1180.588,1126.067,1290.269,1513.388,791.108,1082.631,1217.795,1125.645,1308.82,1035.642,1254.722,1167.358,960.539,1082.604,1126.307,1067.458
DE-Lkb,WS,1.122,1.198,1.17,1.247,1.291,1.252,1.278,1.145,1.174,1.294,1.218,1.183,1.199,1.223,1.139,1.232,1.196,1.174,1.318,1.172,1.161,1.155,1.148,1.183,1.138,1.052
DE-Obe,Temp,6.813,6.704,5.573,6.539,5.657,6.819,5.957,4.267,5.723,6.232,6.668,7.116,5.989,6.588,6.568,6.155,6.219,6.861,7.168,6.894,6.521,5.161,6.838,6.45,6.041,7.509
DE-Obe,Precip,927.831,862.617,840.167,908.785,1019.13,991.722,1178.725,986.023,894.67,1068.455,863.148,945.508,1082.861,1296.312,662.117,1050.049,970.351,906.9,1086.194,1023.947,1007.861,1341.039,873.851,1017.444,1072.78,983.701
DE-Obe,WS,2.981,3.26,2.983,3.163,3.224,3.235,3.167,2.864,2.971,3.365,3.13,3.107,3.019,3.063,2.856,3.142,2.987,2.924,3.324,3.106,2.969,2.931,3.035,3.036,2.94,2.771
DE-RuR,Temp,8.391,8.213,7.281,8.016,7.318,8.415,7.943,6.218,7.672,7.57,8.154,8.324,7.806,8.285,8.159,7.587,8.004,8.428,8.451,7.911,7.968,6.825,8.617,7.76,7.385,8.96
DE-RuR,Precip,871.253,868.097,750.905,909.845,985.7,924.703,933.963,719.227,805.778,1045.083,954.804,1011.901,1043.883,996.367,732.326,906.121,775.622,863.503,1033.949,885.271,916.097,930.431,732.221,929.195,918.613,903.058
DE-RuR,WS,2.842,3.18,2.901,3.018,3.114,3.131,3.094,2.859,2.9,3.276,3.226,3.175,3.082,3.094,2.821,3.036,2.918,3.055,3.185,3.067,2.976,2.833,2.952,3.016,2.965,2.829
De-RuS,Temp,11.015,10.883,9.814,10.664,9.82,10.945,10.564,8.803,10.254,10.259,10.869,10.974,10.386,10.893,10.813,10.25,10.729,11.181,11.102,10.555,10.6,9.378,11.205,10.382,10.026,11.628
De-RuS,Precip,501.345,523.802,475.267,544.486,634.117,568.364,538.857,460.178,482.783,717.107,580.635,609.085,644.578,637.127,468.121,579.046,522.784,542.77,681.586,541.477,555.804,571.443,479.424,600.946,532.054,572.899
De-RuS,WS,1.961,2.192,1.982,2.087,2.11,2.143,2.104,1.955,1.985,2.238,2.182,2.184,2.082,2.09,1.9,2.063,1.995,2.091,2.171,2.111,2.039,1.923,2.063,2.052,2.026,1.961
DE-S eh,Temp,10.911,10.775,9.687,10.552,9.693,10.839,10.45,8.656,10.134,10.14,10.761,10.869,10.269,10.786,10.704,10.131,10.619,11.079,10.999,10.441,10.488,9.242,11.104,10.265,9.903,11.534
DE-S eh,Precip,486.7,508.5,461.383,528.581,615.593,551.761,523.116,446.735,468.68,696.159,563.673,591.292,625.748,618.515,454.446,562.13,507.513,526.914,661.675,525.659,539.568,554.75,465.419,583.391,516.511,556.163
DE-S eh,WS,2.335,2.61,2.36,2.485,2.513,2.552,2.505,2.328,2.364,2.665,2.598,2.6,2.479,2.489,2.263,2.457,2.375,2.49,2.585,2.514,2.428,2.29,2.457,2.444,2.412,2.335
DE-SfN,Temp,7.745,7.705,7.025,8.059,7.499,8.787,7.477,6.61,7.678,7.485,7.603,8.302,7.651,8.428,8.173,7.41,7.048,8.022,8.337,8.118,7.915,7.055,8.686,8.063,7.813,9.007
DE-SfN,Precip,823.41,911.982,962.457,879.356,948.553,782.958,898.352,894.376,858.512,933.489,1033.452,1020.781,956.43,959.513,674.341,742.862,842.61,828.441,900.468,865.551,888.857,903.167,834.82,1015.932,927.611,847.906
DE-SfN,WS,1.203,1.254,1.193,1.237,1.311,1.292,1.356,1.246,1.244,1.313,1.291,1.296,1.299,1.252,1.233,1.267,1.224,1.246,1.296,1.262,1.259,1.244,1.184,1.258,1.204,1.201
DE-Spw,Temp,11.213,10.972,9.704,10.737,9.676,10.865,10.094,8.197,9.803,10.298,10.838,11.239,10.049,10.655,10.655,10.281,10.357,11.057,11.336,11.104,10.6,9.129,10.941,10.443,10.088,11.687
DE-Spw,Precip,473.716,546.354,496.313,509.144,641.986,629.527,669.035,538.224,522.122,641.567,528.784,562.594,638.58,772.192,391.959,608.012,581.091,525.79,713.989,592.079,582.53,798.837,555.775,633.054,662.244,559.053
DE-Spw,WS,2.383,2.584,2.375,2.515,2.542,2.549,2.491,2.264,2.357,2.62,2.447,2.458,2.389,2.432,2.273,2.455,2.341,2.294,2.593,2.468,2.345,2.327,2.431,2.393,2.325,2.253
DE-Tha,Temp,9.234,9.122,7.95,8.951,8.037,9.241,8.348,6.597,8.106,8.633,9.085,9.548,8.381,9.002,8.981,8.553,8.619,9.285,9.602,9.318,8.932,7.523,9.261,8.859,8.435,9.956
DE-Tha,Precip,775.91,721.374,702.6,759.982,852.26,829.339,985.723,824.573,748.178,893.508,721.818,790.692,905.555,1084.056,553.703,878.115,811.467,758.406,908.342,856.288,842.836,1121.46,730.768,850.85,897.125,822.632
DE-Tha,WS,2.834,3.099,2.836,3.007,3.065,3.075,3.011,2.723,2.824,3.199,2.976,2.954,2.87,2.912,2.715,2.987,2.839,2.78,3.16,2.953,2.822,2.786,2.886,2.886,2.795,2.635
DK-Fou,Temp,8.844,8.825,7.743,8.518,7.162,8.198,7.771,6.423,7.976,7.778,8.346,8.665,7.548,8.585,7.994,8.113,8.157,8.85,8.911,8.79,8.199,6.139,8.433,7.614,7.69,9.443
DK-Fou,Precip,577.813,827.695,636.226,661.365,710.546,777.82,660.754,500.047,617.859,844.895,852.716,776.199,716.999,759.521,616.955,796.442,642.916,847.329,819.246,808.119,724.966,634.495,724.795,843.699,633.3,803.923
DK-Fou,WS,3.398,3.528,3.331,3.34,3.426,3.439,3.308,3.152,3.207,3.458,3.238,3.397,3.124,3.26,3.055,3.273,3.265,3.135,3.45,3.363,3.212,3.137,3.432,3.388,3.266,3.333
DK-NuF,Temp,-2.756,-1.741,-1.815,-3.069,-3.178,-2.529,-1.543,-0.049,-0.354,-0.439,-1.144,-0.295,-0.033,-0.799,0.703,-0.511,0.363,-0.225,-0.387,-0.6,-0.539,2.745,-1.702,0.331,-0.423,-0.784
DK-NuF,Precip,881.811,956.98,1020.422,703.318,997.883,896.241,897.459,1319.755,918.369,922.521,1075.019,1145.129,1156.697,802.457,1136.955,1172.481,1293.405,853.432,962.722,1170.83,667.628,883.058,751.661,1374.551,963.288,810.139
DK-NuF,WS,1.786,1.725,1.853,1.775,1.813,1.694,1.783,2.019,1.839,1.71,1.852,1.861,1.728,1.671,1.892,1.889,2.008,1.799,1.859,1.773,1.725,1.678,1.763,1.737,1.869,1.795
DK-Sor,Temp,8.833,8.916,7.755,8.57,7.134,8.328,8.038,6.226,8.211,7.959,8.621,8.893,7.936,8.893,8.375,8.417,8.587,9.204,9.334,9.176,8.435,6.71,8.32,7.68,7.9,9.607
DK-Sor,Precip,615.612,943.768,724.772,725.001,853.561,858.126,723.109,584.963,642.771,921.783,973.734,807.401,885.063,925.699,658.408,931.686,750.653,917.524,978.16,922.319,869.674,860.823,901.972,960.979,776.472,835.759
DK-Sor,WS,4.947,5.201,4.94,5.023,5.124,5.134,4.975,4.725,4.821,5.246,4.897,5.09,4.771,5.007,4.618,5.013,4.939,4.737,5.186,5.114,4.922,4.785,5.074,5.089,4.902,4.998
DK-ZaH,Temp,-10.088,-9.134,-10.038,-9.609,-9.919,-9.677,-8.611,-8.19,-9.091,-8.798,-8.674,-9.669,-9.36,-8.708,-9.249,-8.642,-7.871,-7.958,-8.863,-8.468,-8.91,-8.921,-8.405,-8.732,-9.603,-9.215
DK-ZaH,Precip,120.098,220.946,155.21,203.707,224.744,165.621,124.767,158.823,197.315,171.396,214.112,128.763,178.408,161.54,96.605,125.131,142.507,179.022,124.59,239.738,137.174,105.819,176.603,121.013,226.09,221.699
DK-ZaH,WS,2.752,3.035,2.889,3.062,2.989,2.974,2.953,2.761,2.862,2.768,3.056,2.743,2.753,2.726,2.668,3.044,3.041,2.861,2.775,2.904,2.769,2.602,2.917,2.79,2.911,2.898
ES-LgS,Temp,6.251,5.81,5.31,5.342,5.047,6.407,6.344,5.435,6.048,5.943,6.153,6.058,6.461,6.202,6.312,5.82,5.84,6.552,6.051,6.032,6.582,5.912,6.471,6.594,5.85,6.839
ES-LgS,Precip,658.926,414.727,429.161,432.428,322.715,298.465,276.059,666.569,656.362,388.595,349.861,348.57,412.776,369.109,492.514,439.167,225.224,556.958,438.412,581.299,528.102,675.52,454.034,416.901,448.672,337.848
ES-LgS,WS,2.304,2.273,2.23,2.262,2.294,2.27,2.365,2.423,2.29,2.19,2.324,2.304,2.359,2.263,2.334,2.153,2.144,2.242,2.197,2.394,2.422,2.385,2.225,2.285,2.446,2.386
ES-Ln2,Temp,8.794,8.413,7.879,7.917,7.629,8.705,8.739,7.942,8.6,8.474,8.553,8.508,8.87,8.759,8.775,8.416,8.287,9.01,8.773,8.732,9.096,8.539,8.925,8.92,8.357,9.082
ES-Ln2,Precip,612.724,360.086,397.772,336.215,307.831,240.336,262.369,781.124,574.19,313.565,317.657,409.099,375.887,320.061,470.422,404.739,211.442,497.311,317.117,466.755,546.325,719.093,385.406,387.356,408.087,348.539
ES-Ln2,WS,4.834,4.719,4.678,4.768,4.788,4.662,4.822,5.003,4.84,4.682,4.731,4.784,4.896,4.702,4.802,4.493,4.697,4.626,4.589,4.981,5.015,4.942,4.721,4.684,4.904,4.849
FI-Hyy,Temp,5.366,4.622,4.215,4.332,3.567,3.521,4.368,3.245,4.07,3.365,4.284,5.184,3.853,4.103,4.052,4.263,4.647,4.968,4.939,5.17,4.198,3.041,5.216,3.489,5.176,5.412
FI-Hyy,Precip,584.186,634.203,616.167,607.52,517.9,545.834,520.307,594.535,564.301,685.415,547.726,617.725,568.869,457.149,518.861,636.068,614.606,558.862,600.478,765.799,494.024,544.187,700.724,705.997,612.415,581.125
FI-Hyy,WS,3.554,3.394,3.284,3.592,3.307,3.237,3.543,3.164,3.357,3.376,3.318,3.461,3.32,3.114,3.343,3.194,3.4,3.307,3.395,3.408,3.143,3.138,3.358,3.362,3.327,3.195
FI-Jok,Temp,5.636,5.057,4.499,4.729,3.965,3.778,4.625,3.362,4.454,3.696,4.63,5.442,4.189,4.363,4.275,4.55,4.874,5.426,5.372,5.652,4.475,3.223,5.428,3.919,5.36,5.715
FI-Jok,Precip,672.708,754.434,727.474,704.514,597.278,660.951,634.479,673.354,647.842,816.14,642.552,734.906,655.951,516.202,580.956,751.931,687.091,664.352,690.227,894.267,591.225,590.206,766.031,810.431,690.081,681.676
FI-Jok,WS,2.591,2.489,2.404,2.613,2.46,2.378,2.571,2.329,2.447,2.462,2.434,2.526,2.443,2.279,2.422,2.342,2.458,2.411,2.475,2.535,2.311,2.316,2.434,2.483,2.409,2.352
FI-Lom,Temp,0.726,0.319,-0.634,-0.03,-0.801,-0.718,-0.859,-0.816,-0.147,-1.998,-0.776,0.846,-0.59,-0.412,-0.009,-0.281,0.675,0.152,0.189,-0.326,-0.143,-1.527,0.869,-1.266,0.438,0.734
FI-Lom,Precip,569.934,441.961,522.539,638.071,465.879,374.174,538.908,443.977,407.342,632.772,534.163,640.116,515.077,428.245,456.314,604.905,594.8,505.654,584.742,546.957,473.684,531.44,645.415,606.787,521.156,599.933
FI-Lom,WS,2.358,2.415,2.28,2.455,2.371,2.232,2.35,2.265,2.352,2.194,2.263,2.326,2.267,2.052,2.249,2.211,2.367,2.273,2.279,2.183,2.241,2.212,2.372,2.272,2.277,2.307
FI-Sod,Temp,1.656,0.894,-0.026,0.675,-0.191,0.068,-0.019,0.031,0.366,-1.494,-0.042,1.671,0.143,0.144,0.687,0.589,1.729,0.909,1.062,0.437,0.494,-0.888,1.546,-0.429,1.316,1.443
FI-Sod,Precip,533.04,426.308,514.873,664.623,445.109,389.496,516.632,417.205,407.423,618.316,469.917,623.603,501.067,457.429,460.664,578.101,567.338,488.095,567.74,550.84,487.516,501.42,640.015,567.857,483.571,555.165
FI-Sod,WS,2.33,2.362,2.253,2.416,2.315,2.196,2.316,2.228,2.287,2.184,2.239,2.277,2.23,2.057,2.245,2.215,2.372,2.222,2.333,2.151,2.195,2.149,2.32,2.223,2.219,2.24
FR-Fron,Temp,11.645,11.918,10.515,10.963,10.767,11.961,11.514,10.264,11.353,10.993,11.553,11.528,11.159,11.736,11.991,11.178,11.412,11.844,11.491,10.966,11.419,10.475,12.256,11.275,10.838,12.057
FR-Fron,Precip,605.655,634.317,590.064,752.226,761.7,812.997,754.384,639.273,711.38,719.423,907.161,871.287,940.362,859.046,595.227,675.04,559.57,675.134,735.668,722.077,629.622,656.811,606.677,686.859,767.874,807.504
FR-Fron,WS,2.356,2.57,2.434,2.511,2.572,2.568,2.533,2.431,2.43,2.678,2.679,2.54,2.604,2.662,2.365,2.484,2.404,2.484,2.583,2.49,2.433,2.447,2.362,2.533,2.437,2.427
FR-Gri,Temp,11.299,11.502,10.083,10.579,10.275,11.435,11.13,9.646,10.863,10.627,11.257,11.071,10.786,11.287,11.482,10.847,11.023,11.375,11.218,10.674,10.992,9.86,11.827,10.797,10.432,11.649
FR-Gri,Precip,509.766,506.079,501.195,625.375,710.352,684.493,637.191,490.245,619.274,650.397,759.592,761.852,787.555,746.296,501.669,588.974,527.276,586.381,667.441,614.691,556.443,552.531,507.278,650.606,632.162,687.137
FR-Gri,WS,2.773,3.088,2.892,2.994,3.026,3.037,3.006,2.868,2.847,3.155,3.161,3.043,3.049,3.159,2.78,2.948,2.842,2.961,3.068,3.006,2.909,2.876,2.867,2.997,2.943,2.911
FR-LBr,Temp,14.762,14.396,13.232,13.335,13.411,14.498,14.23,13.414,14.527,13.511,13.92,13.963,13.703,14.195,14.641,13.679,13.725,14.332,13.584,13.387,14.035,12.986,14.783,13.626,13.448,14.623
FR-LBr,Precip,540.69,673.052,632.846,813.004,746.768,772.533,755.308,801.201,721.097,691.139,746.394,870.356,703.515,677.35,707.282,680.81,458.537,724.909,733.803,821.094,753.942,739.856,493.779,656.243,856.115,785.951
FR-LBr,WS,3.161,3.222,3.203,3.161,3.241,3.279,3.348,3.178,3.118,3.32,3.29,3.333,3.309,3.346,3.105,3.099,3.053,3.094,3.19,3.118,3.133,3.212,3.018,3.132,3.239,3.262
FR-Pue,Temp,13.908,13.821,13.152,13.313,13.123,14.305,13.751,13.125,14.124,13.317,13.582,13.672,13.675,13.892,14.366,13.444,13.304,14.199,13.587,13.394,14.218,12.854,14.427,13.826,13.217,14.361
FR-Pue,Precip,679.273,816.137,817.243,1094.684,1144.511,1204.017,948.394,1704.635,1125.3,677.471,945.828,849.045,857.338,1035.354,1129.462,875.11,765.507,976.297,744.136,1208.221,775.229,1016.707,932.202,622.266,933.15,1101.845
FR-Pue,WS,2.215,2.254,2.344,2.238,2.307,2.415,2.484,2.524,2.249,2.503,2.538,2.41,2.456,2.399,2.306,2.493,2.575,2.391,2.561,2.485,2.459,2.525,2.309,2.568,2.598,2.433
GF-Guy,Temp,25.572,25.537,25.516,25.527,25.524,25.564,25.571,25.615,25.571,25.61,25.649,25.617,25.632,25.577,25.624,25.65,25.641,25.673,25.599,25.608,25.609,25.69,25.607,25.658,25.607,25.593
GF-Guy,Precip,2886.849,3023.995,2575.271,2678.441,2674.211,2883.493,3156.076,3206.324,2946.377,3396.965,2514.629,2960.893,2869.911,3063.114,2751.539,3340.996,3088.936,2964.956,2878.293,2885.456,3123.098,3850.694,2983.467,3050.15,3340.697,2707.474
GF-Guy,WS,2.235,2.31,2.217,2.268,2.342,2.323,2.286,2.292,2.254,2.258,2.277,2.262,2.272,2.359,2.303,2.407,2.299,2.287,2.357,2.217,2.32,2.296,2.355,2.272,2.374,2.252
IT-Bci,Temp,17.069,17.746,16.902,17.546,17.636,18.137,17.03,17.029,17.554,17.442,17.836,17.796,17.881,17.809,18.318,17.695,17.17,17.555,17.854,17.941,17.912,17.558,17.808,18.04,17.839,17.957
IT-Bci,Precip,791.463,920.529,853.258,797.485,941.496,827.992,1013.964,1386.248,814.952,944.078,885.5,720.294,692.597,1206.969,1123.143,1189.061,1105.144,859.725,1043.598,1172.42,1349.083,1625.587,1029.683,1145.674,1354.461,1300.013
IT-Bci,WS,1.868,1.94,2.102,1.994,1.99,1.977,2.107,2.132,2.063,2.049,2.007,2.002,2.076,1.94,1.996,2.053,1.958,1.906,1.965,2.013,2.042,2.125,1.958,2.048,2.003,1.989
IT-CA1,Temp,14.161,14.711,13.863,14.589,14.342,15.214,14.043,14.041,14.74,14.49,14.591,15.04,14.891,14.915,15.504,14.795,14.147,14.844,14.936,15.049,15.164,14.531,15.01,15.125,14.832,15.291
IT-CA1,Precip,693.337,651.426,749.914,716.226,603.807,518.072,731.241,954.909,733.147,680.178,733.323,601.148,577.264,881.906,626.21,850.438,732.468,496.218,537.396,832.679,786.049,971.694,590.557,686.202,849.835,968.453
IT-CA1,WS,1.973,2.076,2.107,2.101,2.163,2.085,2.21,2.171,2.165,2.177,2.261,2.131,2.298,2.111,2.206,2.136,2.056,2.067,2.099,2.135,2.212,2.215,2.037,2.197,2.126,2.119
IT-CA2,Temp,13.94,14.504,13.636,14.379,14.125,15.02,13.819,13.817,14.533,14.278,14.381,14.841,14.688,14.713,15.316,14.59,13.926,14.64,14.734,14.85,14.968,14.32,14.811,14.928,14.628,15.098
IT-CA2,Precip,694.439,652.461,751.105,717.364,604.766,518.896,732.403,956.426,734.312,681.259,734.488,602.103,578.182,883.307,627.205,851.789,733.632,497.007,538.25,834.002,787.298,973.238,591.495,687.293,851.186,969.992
IT-CA2,WS,2.437,2.565,2.603,2.595,2.673,2.576,2.73,2.682,2.675,2.689,2.793,2.633,2.839,2.609,2.725,2.639,2.54,2.554,2.593,2.638,2.733,2.736,2.517,2.714,2.627,2.617
IT-CA3,Temp,13.859,14.423,13.555,14.298,14.044,14.938,13.739,13.737,14.452,14.197,14.3,14.759,14.607,14.632,15.235,14.509,13.845,14.559,14.653,14.769,14.887,14.239,14.729,14.846,14.546,15.017
IT-CA3,Precip,639.24,600.599,691.402,660.343,556.695,477.65,674.186,880.403,675.943,627.108,676.106,554.243,532.224,813.096,577.35,784.083,675.318,457.501,495.466,767.71,724.718,895.878,544.479,632.662,783.527,892.89
IT-CA3,WS,1.871,1.969,1.998,1.992,2.052,1.978,2.096,2.059,2.053,2.064,2.144,2.021,2.179,2.003,2.092,2.026,1.95,1.96,1.991,2.025,2.098,2.101,1.932,2.083,2.016,2.009
IT-Col,Temp,6.63,7.174,6.246,7.096,6.923,7.701,6.437,6.422,7.199,7.038,7.046,7.488,7.36,7.345,7.8,7.171,6.478,7.146,7.467,7.43,7.374,6.83,7.368,7.571,7.154,7.612
IT-Col,Precip,1088.88,1026.071,1154.187,970.28,955.823,848.376,1101.094,1405.529,1049.87,1000.802,1141.967,858.063,778.299,1270.3,1195.133,1512.167,1218.093,823.487,883.965,1348.124,1425.821,1461.254,1060.628,1106.326,1436.751,1427.685
IT-Col,WS,1.489,1.596,1.675,1.627,1.643,1.596,1.684,1.674,1.661,1.646,1.653,1.624,1.692,1.609,1.62,1.637,1.576,1.525,1.602,1.631,1.637,1.681,1.552,1.659,1.606,1.627
IT-Cp2,Temp,15.291,15.757,15.005,15.748,15.488,16.262,15.167,15.165,15.845,15.57,15.693,16.032,15.948,15.895,16.495,15.764,15.214,15.811,15.967,15.96,16.038,15.506,16.001,16.107,15.803,16.24
IT-Cp2,Precip,700.112,686.117,770.322,674.125,638.213,515.258,721.624,991.358,711.774,671.125,733.968,602.8,511.436,788.258,708.348,956.442,771.933,493.623,575.453,934.555,886.572,996.786,635.15,727.603,915.088,913.709
IT-Cp2,WS,1.837,1.93,2.001,1.973,2.049,1.965,2.089,2.118,2.035,2.028,2.078,2.041,2.099,1.983,2.025,2.014,1.9,1.869,1.942,2.024,2.014,2.108,1.903,2.029,1.978,2.02
IT-Cpz,Temp,14.563,15.02,14.283,15.01,14.756,15.514,14.442,14.439,15.105,14.836,14.957,15.289,15.207,15.154,15.743,15.026,14.488,15.073,15.226,15.219,15.295,14.773,15.259,15.363,15.065,15.493
IT-Cpz,Precip,794.933,778.991,874.703,765.345,724.732,584.955,819.398,1125.384,808.462,761.995,833.399,684.441,580.703,894.607,804.535,1086.137,874.912,562.046,653.39,1061.075,1003.942,1134.514,721.203,826.147,1039.024,1037.458
IT-Cpz,WS,1.776,1.867,1.936,1.908,1.982,1.901,2.021,2.049,1.968,1.961,2.01,1.974,2.03,1.918,1.958,1.948,1.838,1.808,1.878,1.957,1.948,2.039,1.841,1.962,1.913,1.954
IT-Isp,Temp,13.199,13.057,12.569,12.969,12.786,13.744,12.648,12.299,13.299,12.948,12.958,13.188,13.153,13.53,13.873,13.08,12.805,13.518,13.725,13.228,13.368,12.376,14.125,13.283,12.935,13.799
IT-Isp,Precip,1674.056,1599.631,1384.203,1653.648,1630.564,1556.551,1470.604,1377.676,1383.736,1329.084,1687.05,1753.361,1480.053,2036.871,1039.105,1225.737,1151.24,1279.111,1104.91,2040.782,1594.599,1883.382,1270.108,1724.194,1846.914,2155.83
IT-Isp,WS,1.062,1.039,1.093,1.071,1.169,1.129,1.144,1.099,1.093,1.167,1.175,1.177,1.194,1.096,1.103,1.191,1.195,1.088,1.165,1.14,1.189,1.201,1.061,1.218,1.2,1.125
IT-La2,Temp,6.713,6.73,6.226,6.921,6.731,7.479,6.468,6.234,7.057,6.878,6.769,7.181,7.01,7.183,7.357,6.686,6.502,7.094,7.426,7.081,7.05,6.307,7.365,7.013,6.874,7.579
IT-La2,Precip,1404.775,1367.026,1499.032,1274.77,1302.125,1056.856,1291.217,1644.342,1361.596,1275.607,1361.042,1430.47,1246.954,1792.948,1479.974,1521.447,1459.195,1377.919,1141.634,1715.945,1810.959,1863.044,1307.242,1510.665,1812.517,2015.129
IT-La2,WS,1.577,1.638,1.654,1.652,1.746,1.679,1.686,1.644,1.627,1.709,1.776,1.675,1.752,1.632,1.639,1.742,1.764,1.665,1.767,1.725,1.784,1.738,1.623,1.818,1.745,1.628
IT-Lav,Temp,6.709,6.727,6.215,6.92,6.727,7.486,6.46,6.223,7.058,6.876,6.766,7.184,7.011,7.186,7.362,6.682,6.495,7.096,7.433,7.083,7.051,6.297,7.37,7.013,6.873,7.587
IT-Lav,Precip,1137.238,1106.678,1213.543,1031.992,1054.137,855.579,1045.306,1331.179,1102.282,1032.669,1101.833,1158.039,1009.473,1451.483,1198.115,1231.689,1181.293,1115.496,924.211,1389.145,1466.064,1508.229,1058.279,1222.96,1467.325,1631.35
IT-Lav,WS,0.84,0.873,0.881,0.88,0.931,0.895,0.898,0.876,0.867,0.911,0.946,0.893,0.934,0.87,0.874,0.929,0.94,0.888,0.942,0.919,0.951,0.926,0.865,0.969,0.93,0.868
IT-MBo,Temp,5.084,4.979,4.45,5.184,4.927,5.749,4.638,4.377,5.331,5.112,5.012,5.427,5.166,5.409,5.658,4.983,4.676,5.323,5.673,5.326,5.315,4.444,5.715,5.21,5.014,5.804
IT-MBo,Precip,886.767,831.441,921.161,899.621,848.558,722.734,857.81,1004.847,825.403,759.648,918.996,936.541,831.267,1230.376,988.057,835.803,909.21,917.535,697.008,1100.733,1117.371,1188.315,824.343,932.806,1171.304,1270.913
IT-MBo,WS,1.118,1.141,1.138,1.172,1.244,1.194,1.182,1.14,1.166,1.222,1.251,1.199,1.216,1.175,1.153,1.228,1.232,1.136,1.247,1.207,1.216,1.192,1.12,1.217,1.172,1.143
IT-Noe,Temp,16.372,16.374,15.765,16.123,16.008,16.992,16.3,15.84,16.648,16.091,16.532,16.62,16.763,16.395,17.173,16.322,16.088,16.858,16.527,16.433,16.633,15.972,16.542,16.553,16.243,16.788
IT-Noe,Precip,413.113,519.75,554.904,618.852,384.145,368.973,357.076,725.094,513.319,370.952,450.67,376.994,361.357,515.631,531.901,598.894,457.848,530.449,544.5,592.67,568.454,706.19,588.796,511.26,713.618,464.17
IT-Noe,WS,1.227,1.264,1.304,1.312,1.35,1.328,1.399,1.397,1.303,1.373,1.454,1.337,1.443,1.337,1.35,1.359,1.356,1.343,1.398,1.351,1.372,1.414,1.281,1.341,1.386,1.365
IT-PT1,Temp,13.388,13.585,13.009,13.385,13.308,14.105,12.999,12.815,13.8,13.442,13.599,13.945,13.714,13.821,14.649,13.681,13.284,14.106,14.325,13.884,14.108,12.928,14.236,13.703,13.507,14.472
IT-PT1,Precip,732.995,716.359,711.459,928.763,686.79,716.699,700.628,769.226,572.602,646.949,770.721,934.891,622.692,1183.783,465.312,687.022,699.509,574.603,554.101,1163.657,928.064,1350.484,619.585,921.637,1201.671,1166.674
IT-PT1,WS,1.186,1.211,1.254,1.22,1.307,1.294,1.258,1.285,1.289,1.269,1.288,1.284,1.29,1.247,1.246,1.291,1.26,1.244,1.288,1.281,1.313,1.31,1.235,1.286,1.277,1.234
IT-Ren,Temp,4.428,4.346,3.861,4.601,4.332,5.197,4.14,3.644,4.639,4.304,4.31,4.821,4.504,4.97,4.919,4.173,3.837,4.662,5.004,4.679,4.514,3.757,5.348,4.703,4.46,5.387
IT-Ren,Precip,886.617,885.102,919.522,955.468,942.094,764.372,790.007,928.042,821.965,865.792,957.704,1022.587,840.851,1036.272,777.316,836.178,770.551,798.516,824.959,1055.124,922.147,951.168,903.492,1020.442,1029.952,1047.004
IT-Ren,WS,1.514,1.524,1.523,1.539,1.636,1.588,1.62,1.571,1.534,1.598,1.63,1.618,1.672,1.557,1.524,1.57,1.549,1.504,1.577,1.605,1.605,1.598,1.459,1.632,1.571,1.581
IT-Ro1,Temp,14.821,15.355,14.533,15.237,14.997,15.843,14.707,14.705,15.383,15.141,15.238,15.673,15.529,15.553,16.123,15.436,14.808,15.484,15.573,15.682,15.794,15.18,15.645,15.756,15.472,15.917
IT-Ro1,Precip,823.271,773.54,890.416,850.454,716.958,615.195,868.255,1134.334,870.059,807.646,870.75,713.805,685.446,1047.51,743.285,1009.761,870.282,588.702,638.069,988.726,934.37,1152.783,701.228,814.799,1009.098,1149.945
IT-Ro1,WS,2.064,2.172,2.204,2.198,2.264,2.182,2.312,2.271,2.265,2.277,2.366,2.23,2.404,2.209,2.308,2.235,2.151,2.163,2.196,2.234,2.314,2.317,2.132,2.298,2.224,2.217
IT-Ro2,Temp,14.654,15.2,14.359,15.079,14.833,15.699,14.537,14.535,15.228,14.981,15.08,15.525,15.378,15.402,15.986,15.283,14.64,15.332,15.422,15.535,15.649,15.021,15.496,15.61,15.319,15.775
IT-Ro2,Precip,754.93,709.296,816.532,779.852,657.446,564.095,796.201,1039.739,798.276,740.602,798.468,654.551,628.546,960.251,681.84,925.987,797.537,540.3,585.136,906.651,855.878,1058.015,643.019,747.161,925.331,1054.486
IT-Ro2,WS,1.51,1.589,1.613,1.608,1.656,1.596,1.692,1.662,1.658,1.666,1.731,1.632,1.759,1.617,1.689,1.635,1.574,1.582,1.607,1.635,1.693,1.696,1.56,1.682,1.628,1.622
IT-SR2,Temp,14.486,14.818,14.242,14.922,14.667,15.472,14.493,14.308,14.968,14.731,14.906,15.292,15.028,15.199,15.597,14.936,14.531,15.309,15.427,15.328,15.423,14.5,15.216,15.222,15.093,15.835
IT-SR2,Precip,871.799,914.508,897.59,941.837,862.642,831.3,903.708,1186.434,781.772,685.11,966.865,968.623,899.549,1141.337,655.382,1011.319,845.639,775.86,685.458,1029.382,1075.299,1290.302,750.276,941.055,1325.641,1331.679
IT-SR2,WS,1.24,1.302,1.262,1.337,1.374,1.306,1.343,1.323,1.335,1.348,1.366,1.287,1.386,1.277,1.346,1.323,1.26,1.292,1.341,1.346,1.335,1.314,1.288,1.372,1.31,1.255
IT-SRo,Temp,14.542,14.879,14.295,14.985,14.726,15.543,14.55,14.362,15.031,14.791,14.969,15.361,15.092,15.266,15.67,14.999,14.588,15.378,15.498,15.397,15.493,14.557,15.284,15.289,15.159,15.911
IT-SRo,Precip,817.094,857.123,841.267,882.738,808.512,779.137,847.001,1111.986,732.717,642.12,906.195,907.843,843.103,1069.719,614.258,947.86,792.576,727.175,642.446,964.789,1007.825,1209.337,703.197,882.005,1242.458,1248.117
IT-SRo,WS,1.566,1.644,1.594,1.689,1.735,1.649,1.696,1.671,1.686,1.703,1.725,1.625,1.75,1.613,1.7,1.671,1.591,1.632,1.694,1.699,1.686,1.659,1.627,1.733,1.654,1.585
IT-Tor,Temp,3.061,2.877,2.445,2.828,2.605,3.501,2.534,2.146,3.143,2.684,2.688,2.958,2.88,3.165,3.403,2.707,2.406,3.041,3.181,2.816,2.939,1.986,3.695,3.063,2.535,3.341
IT-Tor,Precip,731.275,789.619,619.545,815.961,795.222,763.935,752.145,671.568,587.828,623.984,797.182,765.854,755.216,909.8,553.984,594.809,538.02,611.92,566.273,787.541,707.106,779.441,622.756,765.151,818.399,888.23
IT-Tor,WS,1.053,1.045,1.068,1.061,1.185,1.156,1.153,1.101,1.063,1.154,1.191,1.161,1.2,1.13,1.08,1.177,1.132,1.069,1.13,1.122,1.159,1.154,1.057,1.19,1.149,1.114
JP-MBF,Temp,4.004,4.573,3.789,2.993,2.943,3.747,3.818,2.655,3.422,3.234,3.725,3.224,2.471,3.302,3.184,4.106,3.408,3.668,3.29,3.706,3.568,4.285,3.751,3.526,3.715,3.571
JP-MBF,Precip,1039.462,1011.741,1043.272,1293.722,907.044,1079.789,1047.435,1163.247,974.987,1155.404,1049.183,1233.624,1046.834,1020.633,766.37,1063.386,974.443,1087.894,913.463,831.975,1189.937,1247.187,1285.455,1155.958,1187.846,1096.103
JP-MBF,WS,3.632,3.481,3.654,3.514,3.646,3.876,3.462,3.687,3.626,3.579,3.755,3.472,3.68,3.57,3.365,3.771,3.508,3.49,3.453,3.478,3.683,3.794,3.552,3.382,3.638,3.621
JP-SMF,Temp,14.496,15.069,14.633,14.182,13.684,14.887,13.801,13.642,14.195,15.085,14.482,14.404,14.152,14.553,14.361,15.277,14.517,14.82,15.041,14.779,14.905,14.983,14.504,14.238,14.763,14.356
JP-SMF,Precip,1750.867,1539.693,1862.47,1591.952,1950.661,1008.679,1639.069,1413.99,1556.175,1890.002,1513.304,1631.879,1575.61,1323.53,1687.321,1830.918,1203.727,1625.071,1325.397,1363.585,1635.789,2042.226,1902.951,1624.887,1586.711,1691.894
JP-SMF,WS,2.828,2.79,2.87,2.832,2.941,2.795,2.875,2.806,2.797,2.711,2.803,2.812,2.729,2.778,2.783,2.842,2.72,2.683,2.682,2.582,2.767,2.762,2.841,2.845,2.906,2.853
NL-Hor,Temp,10.746,10.865,9.553,10.484,9.354,10.457,10.33,8.129,9.997,10.322,10.97,10.764,10.259,10.803,10.565,10.578,10.687,11.196,11.476,10.77,10.601,8.857,10.655,10.082,9.505,11.724
NL-Hor,Precip,744.86,951.376,775.895,1039.888,995.944,1112.83,930.629,723.61,781.838,1333.232,1097.692,1147.414,1198.951,1080.725,792.968,1100.989,946.848,1020.607,1115.185,1125.592,961.241,951.837,1006.681,1163.874,854.068,937.583
NL-Hor,WS,2.64,2.886,2.622,2.697,2.711,2.762,2.744,2.573,2.56,2.87,2.792,2.824,2.653,2.659,2.455,2.686,2.649,2.706,2.825,2.829,2.659,2.529,2.71,2.67,2.69,2.64
NL-Loo,Temp,10.403,10.393,9.262,10.158,9.238,10.258,9.986,8.182,9.664,9.791,10.375,10.413,9.831,10.276,10.1,9.836,10.247,10.718,10.674,10.072,10.087,8.706,10.525,9.824,9.431,11.087
NL-Loo,Precip,655.454,734.123,656.105,803.057,898.127,865.464,738.613,641.805,715.742,1107.038,818.723,873.34,946.064,935.009,661.257,853.582,765.767,781.032,956.148,803.233,772.618,804.139,771.106,907.291,744.66,841.445
NL-Loo,WS,2.282,2.536,2.278,2.412,2.41,2.446,2.394,2.244,2.268,2.539,2.471,2.519,2.344,2.369,2.151,2.359,2.276,2.396,2.473,2.459,2.344,2.209,2.398,2.351,2.352,2.293
NO-Adv,Temp,-7.824,-4.676,-6.464,-7.131,-8.413,-7.641,-8.382,-6.077,-7.781,-7.801,-5.419,-5.552,-6.876,-6.37,-7.971,-5.19,-4.148,-3.29,-4.112,-5.084,-4.489,-5.457,-4.723,-2.839,-5.257,-3.476
NO-Adv,Precip,147.02,171.142,154.711,143.986,160.84,144.595,123.717,162.128,131.847,119.26,144.883,144.112,120.696,108.579,101.555,162.28,174.556,188.674,169.462,147.299,154.185,126.378,174.134,160.082,158.093,140.694
NO-Adv,WS,4.554,5.352,5.04,4.909,5.239,5.107,4.985,4.968,4.985,4.687,5.215,4.965,4.75,4.758,4.698,5.012,5.186,5.16,4.923,4.924,4.797,4.642,4.85,4.989,4.656,4.758
NO-Blv,Temp,-7.24,-4.288,-6.118,-6.336,-7.842,-7.29,-8.158,-5.387,-7.233,-6.987,-4.773,-5.33,-5.821,-6.707,-8.292,-5.23,-4.042,-3.56,-4.303,-4.95,-4.278,-5.095,-4.203,-2.489,-4.371,-2.976
NO-Blv,Precip,449.126,505.322,474.254,410.724,499.141,434.499,321.433,475.899,394.288,329.725,371.561,429.596,406.353,353.238,311.277,418.225,420.754,473.32,439.277,427.26,426.797,336.471,471.429,454.978,449.574,449.048
NO-Blv,WS,3.343,3.803,3.574,3.449,3.738,3.574,3.451,3.506,3.596,3.327,3.51,3.375,3.427,3.411,3.411,3.306,3.495,3.583,3.38,3.42,3.362,3.153,3.486,3.413,3.318,3.42
RU-Che,Temp,-12.022,-13.093,-11.267,-13.654,-13.957,-12.137,-9.971,-11.431,-11.605,-14.257,-14.204,-12.04,-11.378,-10.638,-9.767,-12.069,-11.385,-11.283,-8.802,-10.475,-11.893,-9.978,-11.309,-10.628,-11.681,-10.463
RU-Che,Precip,115.337,142.358,111.813,101.029,92.812,67.401,93.653,138.431,81.508,119.162,93.326,107.289,96.151,91.048,80.749,125.29,89.027,137.29,120.154,90.711,90.146,111.294,98.417,105.891,102.529,109.946
RU-Che,WS,2.74,2.899,2.503,2.864,2.583,2.755,2.591,2.884,2.695,2.727,2.477,2.753,2.675,2.745,2.691,2.672,2.631,2.709,2.71,2.837,2.769,2.833,2.652,3.113,2.737,2.627
RU-Cok,Temp,-14.387,-13.631,-12.931,-15.753,-15.036,-13.699,-12.287,-14.676,-14.417,-15.507,-15.584,-13.567,-13.619,-13.506,-12.641,-14.333,-12.201,-12.993,-11.134,-12.54,-13.038,-11.766,-12.168,-12.508,-13.821,-12.308
RU-Cok,Precip,197.291,246.811,183.61,136.998,156.003,141.055,152.773,209.901,128.338,153.084,118.589,156.538,155.85,147.305,174.801,153.478,132.563,220.517,226.993,183.413,179.35,215.994,217.712,185.764,126.341,199.126
RU-Cok,WS,3.701,4.002,3.689,3.895,3.684,3.892,3.422,3.834,3.656,3.648,3.451,3.701,3.698,3.421,3.621,3.529,3.551,3.7,3.523,3.629,3.61,3.734,3.654,3.752,3.532,3.572
RU-Fyo,Temp,,,,,,,,,,,,,,,,,,,,,,,,,,
RU-Fyo,Precip,,,,,,,,,,,,,,,,,,,,,,,,,,
RU-Fyo,WS,,,,,,,,,,,,,,,,,,,,,,,,,,
RU-Ha1,Temp,1.712,2.046,1.337,1.819,0.781,1.605,2.492,-0.351,2.417,1.256,1.298,0.937,1.585,2.374,1.637,2.127,1.302,0.953,3.238,2.062,0.452,-0.571,1.168,0.612,1.877,1.351
RU-Ha1,Precip,295.351,422.577,354.925,331.003,268.167,349.473,366.694,426.593,321.501,274.875,298.155,413.775,330.76,413.582,373.062,366.58,446.392,453.433,386.551,397.124,453.847,352.631,330.818,339.638,411.207,348.699
RU-Ha1,WS,3.532,3.582,3.423,3.37,3.48,3.341,3.744,3.406,3.681,3.836,3.405,3.44,3.519,3.559,3.444,3.599,3.2,3.436,3.642,3.583,3.414,3.492,3.25,3.036,3.656,3.68
SD-Dem,Temp,26.424,27.994,27.678,26.727,27.298,26.411,27.041,26.235,26.253,27.132,27.085,26.822,26.961,26.803,27.529,27.756,27.679,27.181,27.419,27.709,28.223,28.647,27.362,27.778,27.899,27.804
SD-Dem,Precip,226.508,193.146,207.952,202.438,260.001,318.547,261.075,440.308,339.9,294.87,348.658,265.812,317.445,510.378,256.411,209.74,277.013,267.496,204.119,144.158,111.16,118.763,123.329,86.707,165.056,184.435
SD-Dem,WS,2.954,2.834,2.886,2.85,2.631,2.738,2.722,2.613,2.647,2.823,2.739,2.994,2.869,2.773,2.888,2.957,2.951,2.891,2.921,2.858,2.736,2.842,2.969,2.945,2.809,2.751
SN-Dhr,Temp,28.274,28.12,28.258,28.273,28.242,28.402,28.332,28.221,28.224,28.208,28.551,28.43,28.322,28.356,28.428,28.405,28.34,28.419,28.525,28.372,28.359,28.205,28.403,28.474,28.365,28.348
SN-Dhr,Precip,310.74,203.952,247.869,140.183,218.123,272.821,285.699,188.17,214.008,204.393,329.86,264.059,222.319,199.878,243.55,188.312,285.649,217.439,257.505,291.529,258.968,343.523,238.805,288.245,233.026,154.744
SN-Dhr,WS,3.012,3.21,3.098,3.06,3.069,3.081,3.047,3.081,2.852,3,2.967,2.966,2.951,2.986,2.956,2.816,2.765,2.879,2.913,2.788,2.812,2.791,2.953,2.905,2.8,2.831
US-AR1,Temp,13.265,15.163,15.009,14.136,12.995,14.635,13.849,13.829,13.5,15.189,14.755,14.688,14.94,14.051,14.446,14.48,14.987,16.009,14.492,14.4,14.238,14.878,15.725,16.248,13.851,14.314
US-AR1,Precip,1097.576,784.007,772.999,970.085,1130.194,567.166,761.684,732.423,871.616,753.491,834.144,761.464,683.948,680.731,405.134,645.863,550.978,470.105,774.807,727.783,587.218,600.77,407.806,437.253,691.584,459.047
US-AR1,WS,3.537,3.892,3.744,3.658,3.829,3.539,3.525,3.711,3.503,3.511,3.644,3.671,3.513,3.621,3.453,3.578,3.529,3.571,3.578,3.818,3.662,3.653,3.797,3.639,3.743,3.829
US-AR2,Temp,,,,,,,,,,,,,,,,,,,,,,,,,,
US-AR2,Precip,,,,,,,,,,,,,,,,,,,,,,,,,,
US-AR2,WS,,,,,,,,,,,,,,,,,,,,,,,,,,
US-ARb,Temp,13.773,15.295,15.007,14.706,13.611,14.532,14.341,14.277,13.979,15.928,15.652,15.211,15.203,14.333,14.821,14.792,15.348,16.704,14.808,15.29,14.81,15.037,16.608,16.934,14.449,14.541
US-ARb,Precip,1357.516,1691.643,1328.863,1242.427,1493.69,1148.23,1188.246,1090.994,1232.466,983.767,993.318,940.145,896.069,1086.009,628.791,1188.088,723.302,693.062,1192.158,694.559,1052.98,1017.098,556.277,630.805,827.522,571.393
US-ARb,WS,3.808,4.05,3.869,3.8,3.994,3.637,3.783,3.954,3.678,3.724,3.896,3.893,3.718,3.764,3.7,3.764,3.608,3.847,3.608,4.098,3.945,3.812,4.092,3.887,3.886,4.009
US-ARc,Temp,13.386,14.903,14.615,14.315,13.224,14.142,13.952,13.888,13.59,15.534,15.258,14.819,14.811,13.944,14.43,14.401,14.955,16.307,14.417,14.898,14.419,14.646,16.212,16.536,14.059,14.15
US-ARc,Precip,1462.184,1822.073,1431.321,1338.221,1608.857,1236.762,1279.862,1175.112,1327.492,1059.618,1069.905,1012.632,965.158,1169.743,677.272,1279.693,779.07,746.498,1284.076,748.111,1134.167,1095.519,599.168,679.441,891.326,615.449
US-ARc,WS,4.134,4.396,4.2,4.125,4.336,3.948,4.107,4.292,3.992,4.042,4.229,4.226,4.036,4.086,4.016,4.086,3.916,4.176,3.917,4.449,4.283,4.138,4.442,4.22,4.218,4.352
US-ARM,Temp,,,,,,,,,,,,,,,,,,,,,,,,,,
US-ARM,Precip,,,,,,,,,,,,,,,,,,,,,,,,,,
US-ARM,WS,,,,,,,,,,,,,,,,,,,,,,,,,,
US-Blo,Temp,10.106,10.118,10.438,11.281,10.438,10.569,10.952,11.243,11.283,9.93,10.661,10.892,11.484,11.144,11.41,11.342,11.386,11.321,11.415,11.547,11.335,10.658,10.427,11.379,11.53,12.486
US-Blo,Precip,1039.15,890.852,1069.569,1194.833,1632.715,1165.948,2150.113,2304.526,1186.775,2140.012,1169.314,1400.691,1339.783,1177.792,1215.543,1193.393,1784.31,1606.576,872.49,1121.745,1183.423,2030.881,1350.219,1727.332,418.77,1188.55
US-Blo,WS,1.442,1.38,1.468,1.466,1.541,1.414,1.532,1.652,1.535,1.523,1.519,1.461,1.532,1.506,1.446,1.534,1.543,1.55,1.478,1.551,1.562,1.591,1.546,1.528,1.444,1.451
US-Cop,Temp,13.795,13.046,12.202,12.725,12.462,13.571,13.068,13.521,12.397,12.947,13.19,14.162,13.659,13.339,14.304,13.096,13.573,13.471,13.836,12.592,13.273,12.812,12.567,14.513,12.293,14.089
US-Cop,Precip,119.494,234.316,237.115,255.553,264.777,193.57,235.355,218.915,271.636,235.566,159.17,166.31,208.004,166.192,151.581,259.458,235.548,216.679,185.43,227.292,170.758,285.259,178.315,154.927,266.11,161.216
US-Cop,WS,2.21,2.197,2.113,1.931,2.152,2.107,2.031,2.21,1.954,2.119,2.126,2.114,1.997,2.055,2.066,2.079,2.087,2.089,2.07,2.167,2.169,2.216,2.223,2.111,1.972,2.128
US-GBT,Temp,0.255,0.321,-0.153,0.007,-0.656,0.484,-0.063,0.108,-0.386,0.155,0.244,0.496,0.568,-0.028,0.651,0.146,0.601,0.622,1.03,-0.082,0.093,0.13,-0.37,1.572,-0.069,0.304
US-GBT,Precip,603.278,661.765,666.964,620.334,717.448,467.182,816.412,627.079,624.805,522.044,533.218,563.71,519.101,424.399,524.434,552.207,556.397,437.655,461.676,517.073,566.051,576.511,576.961,374.337,534.518,688.249
US-GBT,WS,5.874,5.869,5.45,5.319,5.603,5.643,5.779,6.251,5.557,5.461,5.807,5.796,5.42,5.666,5.619,5.602,5.592,5.728,5.566,6.066,5.916,5.699,6.123,5.931,5.541,6.097
US-GLE,Temp,-0.097,-0.031,-0.505,-0.344,-1.008,0.133,-0.415,-0.244,-0.738,-0.197,-0.107,0.144,0.217,-0.379,0.299,-0.205,0.25,0.27,0.679,-0.433,-0.259,-0.222,-0.722,1.221,-0.42,-0.047
US-GLE,Precip,1609.428,1765.458,1779.294,1654.963,1913.985,1246.374,2177.992,1672.957,1666.856,1391.878,1423.353,1503.868,1384.196,1131.609,1400.354,1473.065,1483.767,1168.28,1231.646,1379.462,1510.113,1538.006,1539.229,998.65,1424.221,1837.887
US-GLE,WS,4.765,4.761,4.421,4.315,4.546,4.578,4.689,5.071,4.508,4.43,4.711,4.702,4.397,4.597,4.559,4.544,4.537,4.647,4.515,4.921,4.799,4.623,4.968,4.811,4.495,4.946
US-Ha1,Temp,7.231,8.488,8.002,7.823,7.483,7.855,7.891,7.255,8.523,8.403,8.053,8.021,8.327,8.54,8.036,8.627,8.392,8.557,8.449,8.325,8.348,8.779,7.657,7.305,8.411,7.64
US-Ha1,Precip,1124.655,1153.283,1193.423,1171.427,1289.886,1113.958,938.429,1193.724,1157.547,1438.198,1515.966,1330.148,1182.972,1406.838,1388.235,1216.495,990.138,1102.421,1021.007,1092.277,1171.009,1097.228,1263.417,896.382,904.047,880.092
US-Ha1,WS,1.985,1.967,1.849,1.92,1.954,2.015,1.972,1.966,1.914,1.94,1.968,1.894,1.995,1.946,1.96,1.974,1.854,1.981,1.881,1.903,1.976,2.015,1.891,1.984,1.997,2.123
US-KS2,Temp,21.602,22.324,21.896,21.123,21.332,21.735,21.388,20.995,21.804,22.52,21.733,21.48,21.695,22.045,21.805,21.698,21.702,21.993,22.143,21.504,21.716,20.633,22.3,22.021,22.063,21.808
US-KS2,Precip,1152.588,981.372,1343.624,1332.05,1272.308,1573.928,1390.533,1005.595,1396.405,1142.81,1219.079,953.615,1272.958,1328.7,1242.731,1218.127,1320.318,804.079,1071.112,994.601,963.973,791.114,848.489,877.832,870.646,972.319
US-KS2,WS,1.75,1.815,1.883,1.872,1.839,1.807,1.871,1.938,1.801,1.855,1.845,1.871,1.833,1.757,1.791,1.94,1.904,1.806,1.852,1.882,1.768,1.915,1.851,1.862,1.818,1.683
US-Los,Temp,3.251,4.924,4.678,4.029,3.478,4.363,4.306,3.115,4.353,6.651,5.738,4.814,5.897,4.902,4.337,4.595,5.864,6.448,5.939,4.263,4.399,6.26,5.338,7.213,3.797,2.86
US-Los,Precip,717.349,1038.657,989.086,776.14,970.214,858.232,881.889,918.778,775.268,844.955,757.444,746.664,740.69,890.759,742.559,831.445,685.18,623.378,660.186,666.12,669.014,865.899,681.412,555.374,895.513,976.428
US-Los,WS,2.604,2.764,2.684,2.527,2.599,2.623,2.664,2.64,2.579,2.558,2.729,2.628,2.655,2.665,2.66,2.719,2.566,2.593,2.821,2.679,2.625,2.614,2.635,2.603,2.672,2.755
US-Me1,Temp,7.273,7.765,7.851,9.2,7.088,8.577,8.758,8.384,8.511,8.843,8.213,7.958,8.224,8.285,9.35,9.311,8.896,8.98,8.567,8.168,8.604,8.57,7.785,8.853,8.522,9.885
US-Me1,Precip,144.998,168.027,157.375,142.776,156.483,155.219,225.4,281.842,172.738,229.297,165.729,147.667,149.163,135.329,182.189,166.685,175.534,206.756,176.254,179.647,156.637,210.617,176.907,237.517,138.475,223.521
US-Me1,WS,1.472,1.561,1.493,1.463,1.437,1.56,1.63,1.694,1.579,1.584,1.722,1.48,1.494,1.552,1.555,1.479,1.504,1.643,1.562,1.628,1.572,1.64,1.584,1.675,1.432,1.616
US-Me2,Temp,6.168,6.597,6.673,7.849,6.006,7.306,7.464,7.138,7.248,7.538,6.988,6.766,6.998,7.051,7.98,7.946,7.584,7.657,7.297,6.949,7.329,7.3,6.615,7.546,7.258,8.447
US-Me2,Precip,386.467,447.925,419.513,380.547,416.949,413.95,600.815,749.715,461.996,611.211,441.742,393.655,397.596,360.741,485.547,444.356,467.935,551.139,469.819,478.759,417.252,561.798,471.558,633.121,369.115,595.814
US-Me2,WS,2.89,3.064,2.93,2.871,2.82,3.061,3.2,3.325,3.098,3.109,3.379,2.905,2.931,3.046,3.052,2.903,2.953,3.225,3.065,3.194,3.086,3.218,3.109,3.287,2.811,3.172
US-Me6,Temp,6.294,6.772,6.856,8.165,6.114,7.56,7.736,7.373,7.496,7.819,7.206,6.959,7.217,7.277,8.31,8.273,7.869,7.951,7.551,7.163,7.586,7.554,6.791,7.828,7.506,8.83
US-Me6,Precip,299.895,347.525,325.495,295.299,323.649,321.034,466.188,582.925,357.27,474.248,342.773,305.417,308.509,279.898,376.817,344.75,363.053,427.627,364.541,371.56,323.968,435.613,365.891,491.249,286.403,462.303
US-Me6,WS,1.807,1.916,1.832,1.795,1.763,1.914,2.001,2.079,1.937,1.944,2.113,1.816,1.833,1.904,1.908,1.815,1.846,2.016,1.916,1.997,1.929,2.012,1.944,2.055,1.757,1.983
US-MMS,Temp,,,,,,,,,,,,,,,,,,,,,,,,,,
US-MMS,Precip,,,,,,,,,,,,,,,,,,,,,,,,,,
US-MMS,WS,,,,,,,,,,,,,,,,,,,,,,,,,,
US-Myb,Temp,14.458,14.731,14.741,15.591,15.108,14.988,15.473,15.677,16.003,14.691,14.79,15.203,15.718,15.297,15.523,15.395,15.407,15.231,15.365,15.48,15.334,14.91,14.636,15.218,15.426,16.366
US-Myb,Precip,236.116,213.237,340.14,365.881,459.013,335.625,646.774,636.471,379.025,666.536,310.419,416.469,428.846,332.435,353.356,368.939,465.338,438.716,231.071,300.004,338.573,604.479,369.87,451.1,94.805,388.171
US-Myb,WS,2.653,2.785,2.852,2.734,2.821,2.686,2.885,3.003,2.953,2.842,2.862,2.75,2.879,2.795,2.705,2.826,2.782,2.754,2.845,2.955,2.897,2.905,2.84,2.886,2.751,2.758
US-Ne1,Temp,9.489,10.796,10.537,9.965,8.401,9.902,9.626,8.641,9.528,10.847,10.751,10.716,10.545,10.543,10.236,10.582,11.302,11.547,10.593,9.244,9.561,10.18,10.542,12.514,9.679,9.673
US-Ne1,Precip,845.738,1178.682,1205.792,1299.458,1570.342,1051.806,1280.334,1097.466,978.264,1038.357,982.079,592.167,1074.467,729.851,730.639,831.748,665.937,846.246,1164.628,865.128,868.068,959.172,741.249,671.941,850.021,623.517
US-Ne1,WS,3.785,3.944,3.914,3.644,3.849,3.852,3.808,3.947,3.743,3.599,3.864,3.782,3.88,3.825,3.719,3.796,3.73,3.746,3.908,3.945,3.784,3.805,3.844,3.766,3.963,3.949
US-Ne2,Temp,9.201,10.52,10.258,9.682,8.104,9.618,9.339,8.346,9.241,10.57,10.474,10.439,10.266,10.264,9.955,10.304,11.03,11.277,10.315,8.954,9.274,9.898,10.263,12.252,9.393,9.387
US-Ne2,Precip,875.204,1219.747,1247.801,1344.731,1625.052,1088.451,1324.941,1135.702,1012.347,1074.534,1016.294,612.799,1111.901,755.279,756.095,860.726,689.138,875.73,1205.204,895.269,898.312,992.589,767.074,695.352,879.636,645.24
US-Ne2,WS,3.444,3.589,3.562,3.315,3.502,3.505,3.465,3.592,3.405,3.274,3.515,3.441,3.53,3.48,3.384,3.454,3.394,3.409,3.556,3.59,3.442,3.462,3.498,3.426,3.606,3.593
US-Ne3,Temp,,,,,,,,,,,,,,,,,,,,,,,,,,
US-Ne4,Precip,,,,,,,,,,,,,,,,,,,,,,,,,,
US-Ne5,WS,,,,,,,,,,,,,,,,,,,,,,,,,,
US-NR1,Temp,,,,,,,,,,,,,,,,,,,,,,,,,,
US-NR2,Precip,,,,,,,,,,,,,,,,,,,,,,,,,,
US-NR3,WS,,,,,,,,,,,,,,,,,,,,,,,,,,
US-ORv,Temp,10.778,12.596,12.978,11.423,11.614,11.666,11.313,10.952,11.111,13.281,12.535,11.667,12.331,12.489,11.415,11.745,12.273,12.721,12.723,11.777,11.641,12.412,12.488,13.498,11.589,10.715
US-ORv,Precip,1313.847,1455.716,1023.91,1132.433,1216.379,1061.573,1336.312,1477.905,1376.428,1137.966,962.94,1066.291,1002.94,1182.275,1186.07,1341.258,1055.273,1130.039,1002.78,1139.206,1017.18,956.322,1385.781,978.071,1189.602,1043.086
US-ORv,WS,1.156,1.233,1.165,1.17,1.189,1.17,1.163,1.233,1.224,1.103,1.188,1.172,1.143,1.202,1.182,1.177,1.131,1.155,1.173,1.216,1.177,1.14,1.17,1.141,1.195,1.205
US-PFa,Temp,3.801,5.425,5.186,4.557,4.022,4.881,4.825,3.669,4.871,7.102,6.215,5.319,6.37,5.404,4.856,5.106,6.338,6.904,6.411,4.784,4.916,6.722,5.827,7.648,4.332,3.422
US-PFa,Precip,563.571,816,777.055,609.758,762.229,674.253,692.838,721.819,609.073,663.822,595.07,586.601,581.908,699.807,583.377,653.207,538.297,489.745,518.661,523.324,525.597,680.276,535.338,436.319,703.541,767.111
US-PFa,WS,2.977,3.16,3.069,2.889,2.971,2.999,3.045,3.019,2.949,2.925,3.12,3.005,3.035,3.047,3.041,3.108,2.933,2.964,3.225,3.062,3.001,2.988,3.013,2.975,3.055,3.149
