stationName,dataType,1989,1990,1991,1992,1993,1994,1995,1996,1997,1998,1999,2000,2001,2002,2003,2004,2005,2006,2007,2008,2009,2010,2011,2012,2013,2014
AR-Slu,Temperature (Yearly) in Celsius,20.572,19.452,19.019,18.957,19.327,20.19,19.553,19.788,19.832,18.72,18.674,18.354,19.101,18.806,20.09,19.223,19.175,19.749,17.777,19.283,20.438,19,19.608,19.548,19.699,19.485
AR-Slu,Precipitation (Yearly) in mm,481.593,538.677,706.601,557.167,436.069,521.859,394.495,364.214,606.062,593.755,645.797,563.859,602.48,669.552,351.182,622.004,483.105,586.959,582.723,500.823,358.612,415.009,309.423,587.902,425.124,697.692
AR-Vir,Temperature (Yearly) in Celsius,20.965,20.899,21.915,20.925,21.131,21.849,21.515,21.122,21.799,21.092,21.368,21.123,21.699,21.735,21.571,21.988,22.309,22.3,21.427,21.343,21.653,21.041,21.253,22.483,20.94,22.114
AR-Vir,Precipitation (Yearly) in mm,1490.586,1891.547,1595.392,1675.88,2000.307,1932.354,1298.714,1518.838,1673.027,1989.194,1327.448,1719.269,1682.12,2095.511,1494.363,1009.565,1172.074,1211.331,1460.146,1181.605,1375.166,1664.062,1503.914,1130.195,1297.657,1853.98
AT-Neu,Temperature (Yearly) in Celsius,6.59,6.492,5.909,6.797,6.475,7.511,6.244,5.649,6.842,6.441,6.449,7.061,6.681,7.239,7.178,6.284,5.881,6.871,7.281,6.89,6.693,5.786,7.693,6.92,6.629,7.739
AT-Neu,Precipitation (Yearly) in mm,658.714,657.588,683.161,709.867,699.93,567.891,586.937,689.49,610.68,643.242,711.528,759.733,624.711,769.9,577.508,621.24,572.482,593.259,612.904,783.906,685.111,706.672,671.251,758.139,765.205,777.873
AU-Ade,Temperature (Yearly) in Celsius,27.092,27.034,26.952,27.164,27.313,26.845,26.408,26.932,26.813,27.32,26.118,26.355,26.659,27.244,27.356,26.954,27.521,26.369,26.675,26.901,27.217,27.271,26.036,26.739,27.594,26.993
AU-Ade,Precipitation (Yearly) in mm,1121.771,1240.508,1448.311,1229.884,1438.803,1129.742,1848.084,1260.711,1705.752,1630.888,1608.017,1619.58,1378.527,1012.394,1196.158,1049.229,849.5,1332.698,1479.546,1516.254,1082.614,1439.085,1708.27,1062.37,1016.056,1260.857
AU-ASM,Temperature (Yearly) in Celsius,22.158,22.961,22.881,22.835,22.234,22.509,22.493,23.201,22.149,23.439,22.861,21.222,21.589,23.064,22.899,23.068,23.494,22.877,22.85,23.26,23.463,20.928,21.601,22.26,24.187,22.687
AU-ASM,Precipitation (Yearly) in mm,323.683,389.964,374.327,217.812,409.046,154.014,269.111,184.601,389.117,217.411,228.99,731.81,327.231,149.309,242.604,148.348,268.891,240.746,285.284,131.263,139.163,660.509,531.335,280.237,111.251,367.936
AU-Cpr,Temperature (Yearly) in Celsius,17.473,18.108,18.031,16.633,17.41,17.411,16.92,16.94,17.639,17.436,17.619,17.826,17.483,17.763,17.669,17.726,17.869,17.783,18.479,17.65,18.614,17.45,17.495,17.746,18.311,18.234
AU-Cpr,Precipitation (Yearly) in mm,402.139,279.024,267.511,592.577,371.695,190.985,377.69,317.35,354.537,285.901,301.214,333.864,278.348,131.242,246.891,235.504,301.094,182.176,302.233,215.886,225.401,453.433,480.515,204.475,237.096,307.904
AU-Cum,Temperature (Yearly) in Celsius,17.516,17.778,18.197,16.742,17.606,17.619,17.115,17.28,17.967,18.224,17.415,17.591,17.915,18.017,17.74,18.145,18.461,18.455,18.351,17.515,18.656,17.984,17.756,17.548,18.391,18.333
AU-Cum,Precipitation (Yearly) in mm,692.713,952.049,600.529,732.949,527.63,436.363,595.963,597.456,525.462,819.9,657.965,538.438,434.393,455.679,606.292,518.48,507.626,381.572,749.565,587.367,475.179,746.937,654.175,646.695,604.561,593.365
AU-DaP,Temperature (Yearly) in Celsius,25.831,25.497,25.518,25.788,25.71,25.032,24.814,25.648,24.799,26.194,24.601,24.588,24.906,25.887,25.775,25.3,26.117,24.905,25.451,25.299,25.983,25.955,24.132,25.22,26.55,25.71
AU-DaP,Precipitation (Yearly) in mm,1169.691,1482.459,1503.684,1394.829,1787.138,1592.627,1688.31,1219.729,1721.626,1394.523,1448.904,1665.748,1653.464,1004.738,1469.045,1545.175,1208.815,1157.234,1195.824,1723.892,1142.902,1368.425,1926.879,1183.832,1076.061,1506.458
AU-DaS,Temperature (Yearly) in Celsius,26.811,26.533,26.55,26.776,26.711,26.145,25.963,26.658,25.95,27.114,25.785,25.774,26.039,26.858,26.765,26.368,27.05,26.039,26.494,26.367,26.938,26.915,25.393,26.302,27.411,26.71
AU-DaS,Precipitation (Yearly) in mm,1195.178,1514.993,1536.684,1425.44,1826.359,1627.579,1725.362,1246.986,1759.662,1424.385,1480.716,1702.29,1689.751,1026.788,1501.348,1582.029,1232.337,1182.85,1222.403,1761.453,1167.701,1398.456,1969.167,1209.831,1099.658,1540.097
AU-Dry,Temperature (Yearly) in Celsius,26.512,27.115,26.253,27.095,26.756,25.983,26.047,27.039,25.805,27.152,25.98,25.832,25.86,27.321,26.61,26.494,27.665,26.386,27.105,26.424,27.058,26.981,25.119,26.727,28.118,26.994
AU-Dry,Precipitation (Yearly) in mm,942.461,936.185,1267.442,952.706,1175.21,1101.109,1025.849,853.867,1199.115,1004.509,908.919,1089.172,1173.645,580.202,1500.996,956.441,639.339,753.002,740.654,1113.699,688.854,964.669,1363.872,656.223,645.846,986.572
AU-Emr,Temperature (Yearly) in Celsius,21.233,22.095,22.193,22.382,22.612,22.283,22.487,22.259,22.111,22.584,21.753,21.221,22.593,22.703,22.716,22.897,23.188,22.574,22.029,21.185,22.463,20.961,20.983,21.237,22.532,22.486
AU-Emr,Precipitation (Yearly) in mm,916.637,692.13,629.142,427.233,430.615,360.959,517.769,730.719,542.717,743.658,621.9,884.673,339.556,436.032,466.792,384.113,462.525,430.101,681.106,992.393,538.492,1339.242,591.612,801.344,588.69,758.521
AU-Fog,Temperature (Yearly) in Celsius,25.998,25.934,25.844,26.077,26.24,25.727,25.246,25.822,25.691,26.248,24.928,25.188,25.522,26.165,26.288,25.846,26.469,25.203,25.54,25.788,26.135,26.195,24.837,25.61,26.549,25.889
AU-Fog,Precipitation (Yearly) in mm,1121.771,1240.508,1448.311,1229.884,1438.803,1129.742,1848.084,1260.711,1705.752,1630.888,1608.017,1619.58,1378.527,1012.394,1196.158,1049.229,849.5,1332.698,1479.546,1516.254,1082.614,1439.085,1708.27,1062.37,1016.056,1260.857
AU-Gin,Temperature (Yearly) in Celsius,18.362,17.666,18.543,17.949,18,19.002,18.45,18.796,18.736,18.836,18.96,18.632,17.987,18.51,18.512,18.398,17.8,18.693,18.436,18.511,18.826,19.047,19.532,19.025,19.102,19.159
AU-Gin,Precipitation (Yearly) in mm,603.769,636.245,736.212,994.173,591.011,495.926,749.899,771.197,630.546,677.801,942.393,568.339,480.389,489.993,637.274,539.025,579.915,470.887,569.031,628.672,611.877,330.09,779.479,604.792,605.699,492.95
AU-GWW,Temperature (Yearly) in Celsius,19.151,19.303,20.416,18.269,18.811,20.226,18.352,19.434,19.408,19.785,19.481,18.686,18.771,20.004,19.609,19.634,19.727,19.393,19.759,19.37,19.673,19.789,19.172,19.458,20.03,19.735
AU-GWW,Precipitation (Yearly) in mm,171.832,249.655,166.12,513.964,382.103,169.521,562.806,263.334,294.101,326.49,253.743,330.707,274.09,151.585,260.733,206.223,156.604,322.759,193.181,279.487,231.602,173.506,389.232,245.46,306.774,422.627
AU-How,Temperature (Yearly) in Celsius,26.806,26.753,26.679,26.871,27.007,26.582,26.183,26.661,26.552,27.013,25.92,26.135,26.412,26.944,27.046,26.68,27.196,26.148,26.426,26.632,26.919,26.969,25.845,26.485,27.263,26.716
AU-How,Precipitation (Yearly) in mm,1544.504,1706.253,1992.074,1691.64,1978.997,1553.9,2541.941,1734.041,2344.909,2244.462,2211.743,2227.647,1896.091,1392.494,1644.54,1443.305,1169.008,1832.739,2035.353,2085.383,1488.843,1979.762,2349.634,1461.234,1397.531,1734.242
AU-Lox,Temperature (Yearly) in Celsius,16.632,17.032,16.868,15.742,16.462,16.361,16.034,15.944,16.554,16.361,16.662,16.741,16.403,16.624,16.589,16.555,16.744,16.711,17.447,16.66,17.416,16.503,16.615,16.809,17.207,17.157
AU-Lox,Precipitation (Yearly) in mm,246.702,213.157,223.579,439.155,231.206,149.459,246.155,235.434,251.976,216.967,197.792,247.615,210.562,96.456,190.13,187.483,214.731,115.313,216.291,140.6,181.547,309.589,291.387,135.359,182.786,215.499
AU-RDF,Temperature (Yearly) in Celsius,26.37,26.613,26.074,26.545,26.256,25.549,25.568,26.312,25.521,26.531,25.275,25.379,25.584,26.753,26.424,26.113,26.978,25.911,26.436,26.008,26.564,26.389,24.922,26.309,27.398,26.454
AU-RDF,Precipitation (Yearly) in mm,1347.764,1405.924,1678.645,1486.825,2004.244,1613.411,1823.099,1336.156,1853.576,1829.354,1592.338,1690.582,1769.922,910.907,2271.01,1576.364,1085.966,1118.767,1230.868,1773.514,1159.936,1566.801,2351.639,879.801,1016.676,1597.275
AU-Rig,Temperature (Yearly) in Celsius,14.913,15.44,15.245,14.03,14.584,14.664,14.071,13.85,15.328,15.164,15.304,15.179,15.308,15.586,15.201,15.04,15.478,15.688,16.491,15.467,16.126,15.348,15.173,15.146,15.851,16.102
AU-Rig,Precipitation (Yearly) in mm,637.461,531.987,528.942,709.09,608.213,338.696,592.611,576.03,318.118,498.93,481.722,457.666,338.27,246.655,433.164,381.321,513.857,197.233,411.75,362.439,386.371,686.218,547.318,428.726,418.698,384.843
AU-Rob,Temperature (Yearly) in Celsius,21.549,21.705,21.643,21.845,21.46,21.476,21.785,21.629,21.214,22.207,21.363,21.367,21.844,21.842,22.015,21.699,22.077,21.464,21.709,21.643,21.806,22.241,21.316,21.562,21.91,21.682
AU-Rob,Precipitation (Yearly) in mm,3670.553,3583.554,2928.682,2312.701,2052.136,1974.681,2621.412,2658.8,3323.691,4081.224,3716.111,4934.558,3249.736,1687.883,2136.293,3007.142,2038.033,3459.72,3452.319,3811.753,3153.287,4548.665,3871.245,2507.122,2761.211,2279.979
AU-Stp,Temperature (Yearly) in Celsius,25.521,26.788,25.501,26.901,25.612,25.777,26.038,26.35,25.519,27.233,25.701,24.592,24.414,26.448,25.417,25.68,27.279,24.78,26.342,26.66,26.369,26.03,24.551,25.743,27.535,25.628
AU-Stp,Precipitation (Yearly) in mm,926.371,694.242,1130.857,567.643,1050.39,683.129,711.51,661.531,902.602,493.265,800.522,1407.077,1542.221,375.911,1262.153,742.909,414.563,1243.225,629.005,457.745,541.606,836.219,1187.681,558.362,469.042,1070.244
AU-TTE,Temperature (Yearly) in Celsius,23.889,23.299,23.734,22.645,22.822,24.613,23.528,24.4,23.946,24.474,24.192,23.927,23.828,23.73,23.735,23.252,23.511,23.792,24.03,23.904,24.131,24.231,24.469,24.347,24.31,24.304
AU-TTE,Precipitation (Yearly) in mm,337.884,471.421,271.77,421.62,481.397,231.175,507.392,388.773,286.644,489.982,476.951,506.886,147.418,369.599,134.837,282.907,311.633,246.47,249.115,506.796,146.744,301.435,577.365,228.916,382.559,223.924
AU-Tum,Temperature (Yearly) in Celsius,9.087,9.452,9.565,8.186,8.818,8.52,8.385,8.345,9.477,9.709,9.074,8.946,9.282,9.367,9.373,9.448,9.612,9.95,10.028,9.231,9.985,9.349,9.077,8.852,9.736,9.992
AU-Tum,Precipitation (Yearly) in mm,1278.968,1254.041,1199.235,1381.509,1158.582,911.502,1218.977,1103.131,702.824,993.204,967.025,992.717,776.811,774.447,1058.711,728.565,1069.856,484.545,1103.886,959.418,827.731,1341.394,1228.347,1228.817,850.89,1048.617
AU-Wac,Temperature (Yearly) in Celsius,10.22,10.52,10.3,9.522,10.106,9.919,9.47,9.323,10.377,10.187,10.507,10.476,10.462,10.574,10.267,10.104,10.736,10.476,11.215,10.435,10.868,10.501,10.439,10.396,10.835,11.024
AU-Wac,Precipitation (Yearly) in mm,4065.134,3558.518,3842.465,4439.094,4108.467,2696.933,3911.867,4047.78,2160.634,3381.5,2865.509,3025.964,2461.729,1927.039,2890.057,2994.64,3254.696,1723.071,3063.232,2673.791,2746.24,4395.913,3935.08,3115.956,2935.024,2457.729
AU-Whr,Temperature (Yearly) in Celsius,15.106,15.565,15.295,14.321,14.844,14.925,14.354,14.099,15.329,15.166,15.432,15.352,15.386,15.702,15.251,15.134,15.559,15.644,16.433,15.542,16.151,15.406,15.322,15.424,15.907,16.109
AU-Whr,Precipitation (Yearly) in mm,606.998,469.375,514.298,694.645,551.298,287.266,544.43,537.041,310.754,471.116,433.224,414.901,302.921,192.985,399.227,346.235,468.56,198.275,387.011,326.5,348.942,644.444,529.719,352.243,351.506,322.614
AU-Wom,Temperature (Yearly) in Celsius,11.041,11.332,11.045,10.327,11.02,10.795,10.236,10.073,11.065,10.824,11.276,11.324,11.167,11.275,11,10.835,11.505,11.202,11.909,11.124,11.637,11.173,11.185,11.301,11.6,11.78
AU-Wom,Precipitation (Yearly) in mm,1145.134,978.113,1145.289,1424.713,1056.819,710.555,1107.993,1086.079,725.121,1000.496,832.384,885.739,767.96,522.977,784.831,811.785,898.995,505.722,1008.051,740.168,822.679,1324.496,1189.738,817.985,811.477,623.638
AU-Ync,Temperature (Yearly) in Celsius,16.225,16.975,17.024,15.28,15.784,16.281,15.58,15.68,17.083,16.911,16.568,16.558,16.897,17.291,16.97,16.936,17.057,17.68,18.141,17.1,17.984,16.722,16.605,16.486,17.619,17.768
AU-Ync,Precipitation (Yearly) in mm,965.438,786.291,568.625,1041.977,912.867,530.031,935.659,701.459,493.837,700.869,870.011,728.744,509.978,440.577,694.988,452.042,713.71,285.222,574.005,583.023,482.886,1072.562,846.179,760.124,605.708,671.303
BE-Bra,Temperature (Yearly) in Celsius,11.174,11.112,10.012,10.725,10.116,11.005,10.826,9.14,10.532,10.564,11.025,11.028,10.575,11.095,10.931,10.596,10.977,11.32,11.293,10.732,10.813,9.55,11.36,10.501,10.083,11.706
BE-Bra,Precipitation (Yearly) in mm,605.923,678.223,660.293,773.924,805.19,794.194,759.824,626.542,729.805,1024.843,866.406,920.474,969.858,913.701,682.017,775.786,734.442,815.409,925.288,841.25,716.547,796.109,714.204,915.005,724.954,772.43
BE-Lon,Temperature (Yearly) in Celsius,11.825,11.688,10.691,11.331,10.793,11.775,11.487,9.818,11.189,11.032,11.581,11.661,11.215,11.744,11.735,11.053,11.536,11.869,11.839,11.268,11.382,10.283,12.074,11.142,10.731,12.308
BE-Lon,Precipitation (Yearly) in mm,609.861,599.311,561.14,689.02,723.883,694.506,690.887,543.238,633.494,802.25,737.512,780.023,815.051,784.417,547.23,663.005,547.25,691.862,774.884,700.122,643.246,674.804,581.357,712.708,663.904,655.744
BE-Vie,Temperature (Yearly) in Celsius,8.756,8.588,7.618,8.317,7.692,8.742,8.366,6.636,8.065,7.919,8.505,8.638,8.147,8.654,8.562,7.938,8.393,8.782,8.788,8.221,8.296,7.171,8.984,8.087,7.665,9.3
BE-Vie,Precipitation (Yearly) in mm,891.595,888.508,798.433,976.104,1033.686,980.615,974.242,772.567,857.971,1119.522,1022.526,1075.286,1119.846,1073.629,769.08,943.841,781.384,925.997,1090.022,959.501,943.43,965.137,797.299,984.881,959.24,924.094
BR-Sa3,Temperature (Yearly) in Celsius,25.257,25.515,25.673,25.769,25.458,25.369,25.799,25.542,26.207,26.44,25.587,25.463,25.705,26.071,25.992,25.698,26.007,25.871,26.035,25.798,26.315,26.437,26.028,26.209,26.112,26.346
BR-Sa3,Precipitation (Yearly) in mm,1472.76,1344.711,1383.066,1241.121,1301.089,1519.427,1405.453,1501.21,1343.42,1282.183,1440.223,1559.512,1411.005,1345.157,1414.588,1642.789,1609.466,1832.156,1527.299,1562.111,1452.499,1471.726,1590.416,1527.264,1720.338,1466.618
CA-Man,Temperature (Yearly) in Celsius,-3.249,-2.802,-1.93,-2.061,-1.854,-1.496,-1.878,-2.697,-1.593,0.193,0.113,-1.313,0.311,-1.922,-0.693,-3.266,-0.665,0.753,-1.526,-1.964,-1.706,0.975,-0.392,-0.435,-2.079,-2.356
CA-Man,Precipitation (Yearly) in mm,261.346,279.455,333.079,260.911,300.258,235.913,291.569,283.556,363.725,300.903,337.97,372.223,314.894,311.238,235.3,274.625,537.823,333.457,370.29,311.986,297.003,314.881,308.856,313.97,305.833,278.436
CA-NS1,Temperature (Yearly) in Celsius,-1.076,-0.631,0.239,0.109,0.315,0.672,0.291,-0.526,0.575,2.356,2.277,0.855,2.474,0.247,1.473,-1.093,1.501,2.915,0.642,0.205,0.462,3.136,1.773,1.731,0.091,-0.186
CA-NS1,Precipitation (Yearly) in mm,212.487,227.212,270.81,212.134,244.125,191.809,237.06,230.546,295.727,244.65,274.787,302.636,256.025,253.052,191.311,223.284,437.277,271.118,301.065,253.661,241.479,256.015,251.116,255.274,248.658,226.383
CA-NS2,Temperature (Yearly) in Celsius,-4.536,-4.127,-3.328,-3.448,-3.259,-2.931,-3.281,-4.031,-3.02,-1.385,-1.458,-2.763,-1.277,-3.321,-2.196,-4.551,-2.17,-0.873,-2.959,-3.36,-3.124,-0.67,-1.921,-1.96,-3.465,-3.718
CA-NS2,Precipitation (Yearly) in mm,233.593,249.779,297.709,233.205,268.372,210.86,260.606,253.445,325.1,268.949,302.08,332.696,281.455,278.187,210.313,245.462,480.71,298.046,330.968,278.855,265.464,281.443,276.058,280.629,273.356,248.868
CA-NS3,Temperature (Yearly) in Celsius,-3.933,-3.511,-2.688,-2.812,-2.616,-2.279,-2.64,-3.412,-2.37,-0.685,-0.76,-2.106,-0.573,-2.681,-1.521,-3.949,-1.494,-0.156,-2.307,-2.721,-2.477,0.053,-1.237,-1.277,-2.829,-3.09
CA-NS3,Precipitation (Yearly) in mm,135.554,144.947,172.76,135.329,155.736,122.362,151.23,147.074,188.656,156.071,175.297,193.063,163.328,161.432,122.045,142.441,278.956,172.956,192.06,161.82,154.049,163.321,160.196,162.849,158.628,144.418
CA-NS4,Temperature (Yearly) in Celsius,-3.053,-2.612,-1.751,-1.88,-1.676,-1.323,-1.7,-2.508,-1.419,0.343,0.265,-1.142,0.46,-1.743,-0.531,-3.069,-0.503,0.896,-1.353,-1.785,-1.53,1.115,-0.234,-0.276,-1.898,-2.171
CA-NS4,Precipitation (Yearly) in mm,194.809,208.308,248.28,194.486,223.814,175.851,217.338,211.365,271.124,224.296,251.926,277.458,234.725,231.999,175.395,204.708,400.897,248.562,276.017,232.557,221.389,234.715,230.224,234.036,227.971,207.548
CA-NS5,Temperature (Yearly) in Celsius,-3.711,-3.291,-2.471,-2.594,-2.399,-2.063,-2.422,-3.192,-2.154,-0.476,-0.551,-1.891,-0.365,-2.463,-1.308,-3.726,-1.282,0.051,-2.091,-2.503,-2.261,0.259,-1.025,-1.065,-2.611,-2.871
CA-NS5,Precipitation (Yearly) in mm,213.783,228.597,272.462,213.428,245.614,192.979,238.506,231.952,297.531,246.142,276.463,304.482,257.587,254.596,192.478,224.646,439.944,272.771,302.901,255.208,242.952,257.576,252.647,256.831,250.175,227.764
CA-NS6,Temperature (Yearly) in Celsius,-2.452,-1.994,-1.098,-1.233,-1.02,-0.654,-1.046,-1.886,-0.753,1.079,0.998,-0.465,1.201,-1.09,0.171,-2.469,0.2,1.654,-0.684,-1.134,-0.869,1.881,0.479,0.436,-1.251,-1.535
CA-NS6,Precipitation (Yearly) in mm,187.515,200.508,238.983,187.203,215.434,169.267,209.2,203.451,260.972,215.897,242.492,267.069,225.935,223.312,168.827,197.043,385.886,239.254,265.682,223.849,213.099,225.926,221.603,225.273,219.434,199.777
CA-NS7,Temperature (Yearly) in Celsius,-3.54,-3.012,-2.006,-1.962,-1.884,-1.707,-1.918,-2.762,-1.551,0.258,-0.07,-1.379,0.237,-2.074,-0.711,-3.318,-0.641,1.135,-1.443,-2.073,-1.789,1.071,-0.523,-0.561,-2.052,-2.496
CA-NS7,Precipitation (Yearly) in mm,244.618,257.3,300.357,239.898,250.98,213.186,263.261,246.557,341.727,258.59,330.711,333.72,286.999,259.362,243.301,254.437,414.349,286.531,329.438,289.388,290.047,268.304,263.922,302.456,269.219,276.315
CA-Qfo,Temperature (Yearly) in Celsius,-0.845,0.31,0.3,-1.062,-0.623,-0.357,0.315,-0.118,-0.739,1.91,1.61,0.274,1.797,-0.025,-0.079,-0.441,1.465,2.291,0.773,0.693,0.301,2.73,1.088,1.997,0.674,-0.227
CA-Qfo,Precipitation (Yearly) in mm,815.775,984.442,801.67,930.234,1059.086,928.742,987.784,962.636,935.909,976.162,1208.481,935.92,897.435,971.034,992.515,970.687,933.932,958.715,885.115,1117.26,834.714,864.106,1002.418,969.342,1014.02,1038.833
CA-SF1,Temperature (Yearly) in Celsius,-1.484,-1.221,-0.268,-0.479,-0.121,-0.79,-0.693,-2.595,0.17,1.095,0.803,-0.93,1.342,-0.99,-0.229,-1.599,0.525,1.265,-0.553,-1.373,-1.154,0.812,0.255,0.396,-1.332,-1.666
CA-SF1,Precipitation (Yearly) in mm,359.918,337.586,370.289,299.667,352.827,371.279,354.484,430.13,393.499,301.053,347.685,406.839,377.207,330.792,347.292,460.92,475.173,507.91,424.99,332.601,356.857,475.865,433.927,457.675,368.651,376.112
CA-SF2,Temperature (Yearly) in Celsius,-1.06,-0.844,0.018,-0.126,0.13,-0.439,-0.409,-2.345,0.492,1.373,1.155,-0.56,1.679,-0.564,0.24,-1.144,0.805,1.524,-0.191,-0.968,-0.903,0.959,0.623,0.72,-1.118,-1.254
CA-SF2,Precipitation (Yearly) in mm,257.535,236.616,285.792,206.434,266.676,264.356,235.538,291.527,284.726,241.987,265.88,290.686,231.243,242.67,213.359,357.684,360.206,361.078,294.597,236.538,257.179,356.074,285.02,331.879,264.441,290.869
CA-SF3,Temperature (Yearly) in Celsius,-0.202,0.01,0.853,0.713,0.964,0.407,0.436,-1.458,1.318,2.18,1.967,0.288,2.479,0.284,1.071,-0.283,1.624,2.328,0.65,-0.111,-0.048,1.775,1.446,1.541,-0.258,-0.391
CA-SF3,Precipitation (Yearly) in mm,309.078,283.973,342.991,247.75,320.049,317.264,282.68,349.874,341.712,290.419,319.094,348.864,277.525,291.238,256.061,429.272,432.298,433.344,353.558,283.879,308.651,427.339,342.065,398.302,317.366,349.083
CH-Cha,Temperature (Yearly) in Celsius,9.775,9.616,8.865,9.55,9.147,10.414,9.086,8.282,9.447,9.087,9.236,9.869,9.226,9.862,9.992,9.042,8.964,9.781,9.808,9.546,9.53,8.427,10.158,9.407,8.988,10.434
CH-Cha,Precipitation (Yearly) in mm,916.122,1144.743,998.967,1173.188,1065.252,1095.63,1285.614,981.201,892.399,1059.162,1343.231,1069.719,1274.572,1335.952,877.631,1007.872,1036.325,1058.087,1274.09,1132.579,1074.791,1175.878,1040.063,1314.628,1140.731,1055.131
CH-Dav,Temperature (Yearly) in Celsius,3.652,3.461,2.991,3.662,3.205,4.143,3.019,2.628,3.662,3.239,3.22,3.715,3.346,3.836,3.917,3.146,2.769,3.628,3.752,3.515,3.426,2.603,4.325,3.549,3.289,4.169
CH-Dav,Precipitation (Yearly) in mm,784.139,865.908,877.993,921.614,952.131,820.042,854.828,764.279,735.025,779.13,940.941,961.475,849.097,1002.605,712.574,669.988,724.669,748.916,792.235,952.033,808.062,895.594,793.915,982.906,904.834,894.258
CH-Fru,Temperature (Yearly) in Celsius,7.94,7.696,7.119,7.756,7.317,8.412,7.228,6.76,7.907,7.33,7.386,7.828,7.507,7.976,8.216,7.311,7.067,7.885,7.977,7.648,7.586,6.595,8.534,7.591,7.243,8.321
CH-Fru,Precipitation (Yearly) in mm,1190.486,1320.17,1193.433,1311.494,1348.228,1254.386,1315.857,1072.07,1039.498,1174.276,1461.85,1309.762,1368.228,1513.458,1039.234,1081.703,1068.522,1113.856,1209.641,1410.775,1246.356,1397.137,1219.646,1556.426,1367.968,1350.935
CH-Lae,Temperature (Yearly) in Celsius,8.056,7.906,7.195,7.844,7.462,8.661,7.405,6.644,7.746,7.405,7.546,8.145,7.537,8.138,8.262,7.363,7.289,8.062,8.088,7.84,7.825,6.781,8.419,7.709,7.312,8.68
CH-Lae,Precipitation (Yearly) in mm,962.013,1202.537,1048.555,1231.955,1120.921,1149.186,1349.03,1030.378,937.074,1112.218,1410.541,1123.278,1338.423,1403.007,921.481,1058.494,1088.163,1111.172,1337.749,1189.649,1128.283,1234.78,1092.805,1379.836,1197.872,1107.984
CH-Oe1,Temperature (Yearly) in Celsius,9.453,9.408,8.702,9.303,8.896,10.126,8.875,7.949,9.133,8.855,9.014,9.635,9.048,9.552,9.73,8.801,8.754,9.509,9.537,9.124,9.316,8.15,9.848,9.143,8.666,10.011
CH-Oe1,Precipitation (Yearly) in mm,1016.079,1253.79,1075.639,1296.479,1135.378,1215.052,1442.936,1070.098,982.514,1138.039,1456.191,1154.66,1449.001,1464.836,941.317,1150.06,1144.703,1240.562,1417.893,1194.645,1155.822,1283.053,1091.186,1395.36,1321.198,1230.542
CH-Oe2,Temperature (Yearly) in Celsius,9.859,9.812,9.091,9.705,9.289,10.546,9.268,8.321,9.532,9.247,9.409,10.044,9.445,9.96,10.142,9.192,9.144,9.916,9.944,9.522,9.718,8.527,10.262,9.542,9.054,10.429
CH-Oe2,Precipitation (Yearly) in mm,1457.708,1799.044,1542.847,1859.98,1631.085,1741.518,2069.558,1535.155,1409.553,1632.676,2089.142,1656.488,2078.795,2101.646,1350.344,1650.015,1642.232,1779.887,2033.915,1714.034,1658.039,1840.719,1565.895,2001.402,1895.442,1765.384
CN-Cha,Temperature (Yearly) in Celsius,4.688,4.825,3.883,4.139,3.823,4.653,4.178,3.921,4.487,5.348,4.386,3.829,4.063,4.386,4.571,4.862,3.638,4.574,5.166,4.967,4.337,3.792,3.671,3.357,3.956,4.516
CN-Cha,Precipitation (Yearly) in mm,489.244,566.288,482.333,485.601,452.054,534.181,644.466,512.816,413.594,549.13,442.826,545.635,497.267,524.451,401.747,476.908,519.001,427.974,481.158,344.316,404.905,572.574,340.847,538.583,526.867,396.388
CN-Cng,Temperature (Yearly) in Celsius,6.575,6.402,5.585,5.756,5.742,6.134,6.53,5.891,6.703,6.63,5.967,5.623,5.836,6.588,6.755,6.87,5.401,6.252,7.45,6.772,5.778,4.817,5.45,4.614,5.387,6.653
CN-Cng,Precipitation (Yearly) in mm,284.14,436.298,372.931,388.784,345.905,507.622,372.929,318.184,258.635,534.483,270.957,238.317,191.102,252.734,334.152,274.548,395.921,228.573,246.436,363.577,241.943,304.89,323.922,436.093,363.767,308.082
CN-Dan,Temperature (Yearly) in Celsius,2.116,2.457,2.453,1.802,2.611,2.429,2.654,2.554,1.608,3.251,3.261,2.237,2.707,2.266,2.403,1.821,2.459,2.778,2.319,2.051,2.902,2.898,1.939,2.229,2.149,2.679
CN-Dan,Precipitation (Yearly) in mm,427.46,484.689,392.872,374.132,450.321,368.808,450.521,461.943,479.289,546.371,500.546,496.861,456.941,507.232,515.008,587.613,452.687,439.608,479.923,550.958,394.567,427.676,402.555,392.68,481.182,490.549
CN-Din,Temperature (Yearly) in Celsius,19.941,20.297,20.449,19.603,19.739,20.035,19.588,19.742,19.89,20.604,20.238,20.027,20.282,20.436,20.535,20.393,20.389,20.572,21.074,20.199,20.805,20.36,19.94,20.038,20.199,20.329
CN-Din,Precipitation (Yearly) in mm,1579.395,1540.903,1513.524,1866.164,1808.226,1770.398,1914.114,1558.546,2308.781,1932.408,1680.689,1645.733,1768.959,1701.767,1365.506,1172.284,1590.538,1678.919,964.736,1300.692,1296.187,1683.137,1219.522,2015.95,2012.079,1706.576
CN-Du2,Temperature (Yearly) in Celsius,3.563,3.258,2.861,2.675,2.516,3.539,2.754,2.24,3.351,3.963,3.536,2.969,3.273,3.547,2.923,2.971,2.368,3.101,3.822,2.605,3.005,2.025,2.238,1.346,2.566,3.712
CN-Du2,Precipitation (Yearly) in mm,309.737,404.946,347.103,497.14,345.877,502.334,387.695,400.074,330.475,406.901,345.238,270.107,297.23,277.774,435.515,348.867,331.052,348.987,258.01,388.21,214.928,367.346,247.872,400.089,342.491,312.896
CN-Ha2,Temperature (Yearly) in Celsius,-1.413,-0.792,-0.667,-1.279,-0.92,-0.353,-1.564,-1.738,-1.383,-0.498,-1.055,-1.44,-1.212,-1.174,-1.408,-1.694,-1.416,-0.832,-1.257,-1.392,-1.084,-1.306,-1.925,-2.463,-1.226,-1.78
CN-Ha2,Precipitation (Yearly) in mm,421.6,343.136,310.292,396.389,375.778,333.982,472.001,495.989,509.653,537.978,585.898,526.091,589.773,632.369,641.166,452.359,487.574,458.53,501.19,359.329,489.394,490.84,451.237,472.84,426.905,590.279
CN-HaM,Temperature (Yearly) in Celsius,-0.943,-0.267,-0.131,-0.797,-0.407,0.21,-1.107,-1.297,-0.911,0.052,-0.554,-0.973,-0.724,-0.683,-0.937,-1.249,-0.946,-0.311,-0.774,-0.92,-0.586,-0.827,-1.5,-2.086,-0.739,-1.342
CN-HaM,Precipitation (Yearly) in mm,436.561,355.313,321.303,410.456,389.113,345.834,488.751,513.59,527.738,557.069,606.689,544.76,610.701,654.81,663.919,468.412,504.877,474.802,518.975,372.08,506.76,508.258,467.25,489.62,442.054,611.226
CN-Qia,Temperature (Yearly) in Celsius,17.606,17.859,17.891,17.369,17.271,17.814,17.623,17.429,17.596,18.82,17.976,17.557,18.021,18.196,18.678,18.17,17.894,18.299,18.717,17.948,18.487,18.158,17.597,17.502,18.542,18.467
CN-Qia,Precipitation (Yearly) in mm,1329.619,1419.341,1243.457,1504.791,1465.486,1603.758,1423.726,1332.359,1765.974,1543.658,1530.333,1663.35,1500.951,1789.586,1053.934,1152.432,1303.312,1377.514,1075.606,1104.986,1010.269,1466.614,1009.468,1532.734,1305.13,1605.147
CN-Sw2,Temperature (Yearly) in Celsius,4.09,3.901,3.759,3.173,3.127,4.181,3.237,2.603,4.047,4.744,4.422,3.414,3.596,3.956,3.002,3.207,3.151,3.842,4.157,2.73,3.554,2.801,2.549,1.819,3.622,4.202
CN-Sw2,Precipitation (Yearly) in mm,199.347,325.483,303.237,504.338,257.015,369.084,341.306,403.757,327.135,360.922,334.342,289.674,327.035,310.767,510.073,357.917,170.417,197.22,217.798,313.76,168.415,286.729,156.355,399.074,231.277,236.95
CZ-Bk1,Temperature (Yearly) in Celsius,6.827,6.674,5.701,6.479,5.878,7.004,5.959,4.897,5.58,6.215,6.717,7.391,6.103,6.914,6.587,6.158,5.946,6.56,7.33,7.391,6.917,5.855,6.952,6.877,6.731,7.923
CZ-Bk1,Precipitation (Yearly) in mm,1237.561,1249.666,1229.994,1201.533,1063.243,1254.872,1313.988,1365.695,1498.213,1390.023,1417.966,1440.025,1514.407,1332.405,970.098,1251.886,1458.811,1243.515,1405.18,1157.938,1317.258,1574.671,1021.905,1164.644,1230.875,1391.901
CZ-Bk2,Temperature (Yearly) in Celsius,6.184,6.03,5.047,5.833,5.226,6.363,5.308,4.235,4.925,5.566,6.073,6.754,5.453,6.272,5.942,5.508,5.294,5.914,6.692,6.754,6.275,5.202,6.31,6.235,6.087,7.292
CZ-Bk2,Precipitation (Yearly) in mm,1119.177,1130.124,1112.334,1086.595,961.534,1134.832,1188.293,1235.054,1354.895,1257.054,1282.324,1302.273,1369.54,1204.948,877.299,1132.131,1319.262,1124.561,1270.761,1047.17,1191.25,1424.04,924.15,1053.235,1113.13,1258.752
CZ-wet,Temperature (Yearly) in Celsius,8.31,8.184,7.187,8.371,7.591,8.926,7.683,6.12,7.378,7.921,8.101,8.798,7.706,8.568,8.234,7.6,7.523,8.075,8.908,8.673,8.358,7.138,8.53,8.258,8.043,9.325
CZ-wet,Precipitation (Yearly) in mm,563.764,554.048,570.296,569.109,582.634,468.172,697.484,688.169,618.756,659.935,666.082,655.759,647.468,734.704,443.658,517.338,636.7,578.951,601.544,582.777,698.353,662.492,479.965,580.776,673.472,596.387
DE-Akm,Temperature (Yearly) in Celsius,9.968,9.91,8.636,9.516,8.336,9.394,8.961,7.147,8.936,8.956,9.661,9.966,9.039,9.735,9.32,9.161,9.398,10.073,10.246,10.102,9.387,8.019,9.417,8.973,9.103,10.458
DE-Akm,Precipitation (Yearly) in mm,500.177,622.807,553.528,516.643,659.999,688.21,597.521,510.815,558.575,751.831,655.14,619.866,679.5,696.417,478.552,655.435,567.864,608.771,885.393,618.033,577.549,707.819,772.994,625.168,600.942,605.283
DE-Geb,Temperature (Yearly) in Celsius,10.101,9.958,8.802,9.679,8.789,10.119,9.208,7.383,9.023,9.338,9.883,10.221,9.293,9.793,9.721,9.308,9.639,9.985,10.313,9.95,9.668,8.223,10.107,9.601,9.143,10.712
DE-Geb,Precipitation (Yearly) in mm,469.656,443.383,393.88,543.843,544.454,547.971,557.84,460.083,468.785,611.793,497.683,455.331,600.472,664.956,382.675,545.574,443.284,483.864,698.423,492.119,560.668,566.658,417.116,509.709,542.957,532.972
DE-Gri,Temperature (Yearly) in Celsius,8.891,8.776,7.575,8.6,7.664,8.898,7.982,6.187,7.734,8.275,8.738,9.213,8.016,8.652,8.631,8.193,8.26,8.942,9.268,8.977,8.581,7.137,8.918,8.506,8.072,9.63
DE-Gri,Precipitation (Yearly) in mm,849.436,789.732,769.179,831.999,933.021,907.928,1079.131,902.711,819.077,978.178,790.218,865.619,991.367,1186.782,606.173,961.327,888.363,830.273,994.418,937.431,922.704,1227.73,800.017,931.477,982.137,900.585
DE-Hai,Temperature (Yearly) in Celsius,8.734,8.598,7.493,8.331,7.48,8.751,7.88,6.135,7.703,8.005,8.526,8.85,7.962,8.439,8.371,7.976,8.293,8.623,8.937,8.59,8.32,6.938,8.741,8.256,7.818,9.319
DE-Hai,Precipitation (Yearly) in mm,681.857,643.713,571.843,789.563,790.45,795.556,809.884,667.958,680.593,888.214,722.547,661.06,871.778,965.397,555.575,792.076,643.568,702.484,1013.986,714.469,813.99,822.687,605.578,740.007,788.276,773.779
DE-Kli,Temperature (Yearly) in Celsius,8.068,7.956,6.792,7.786,6.879,8.074,7.188,5.449,6.947,7.471,7.919,8.379,7.22,7.836,7.816,7.391,7.457,8.118,8.433,8.151,7.767,6.368,8.094,7.695,7.274,8.784
DE-Kli,Precipitation (Yearly) in mm,729.681,678.394,660.739,714.703,801.482,779.927,926.994,775.445,703.602,840.273,678.812,743.583,851.603,1019.468,520.714,825.798,763.12,713.22,854.223,805.271,792.62,1054.643,687.229,800.156,843.674,773.619
DE-Lkb,Temperature (Yearly) in Celsius,4.747,4.633,3.877,4.827,4.199,5.331,4.262,3.015,4.04,4.418,4.509,5.018,4.32,4.993,4.883,4.24,4.252,4.69,5.219,4.951,4.792,3.791,4.993,4.741,4.42,5.621
DE-Lkb,Precipitation (Yearly) in mm,1022.811,1025.95,1053.683,1097.395,1231.785,992.742,1328.285,1103.341,1161.286,1202.082,1180.588,1126.067,1290.269,1513.388,791.108,1082.631,1217.795,1125.645,1308.82,1035.642,1254.722,1167.358,960.539,1082.604,1126.307,1067.458
DE-Obe,Temperature (Yearly) in Celsius,6.813,6.704,5.573,6.539,5.657,6.819,5.957,4.267,5.723,6.232,6.668,7.116,5.989,6.588,6.568,6.155,6.219,6.861,7.168,6.894,6.521,5.161,6.838,6.45,6.041,7.509
DE-Obe,Precipitation (Yearly) in mm,927.831,862.617,840.167,908.785,1019.13,991.722,1178.725,986.023,894.67,1068.455,863.148,945.508,1082.861,1296.312,662.117,1050.049,970.351,906.9,1086.194,1023.947,1007.861,1341.039,873.851,1017.444,1072.78,983.701
DE-RuR,Temperature (Yearly) in Celsius,8.391,8.213,7.281,8.016,7.318,8.415,7.943,6.218,7.672,7.57,8.154,8.324,7.806,8.285,8.159,7.587,8.004,8.428,8.451,7.911,7.968,6.825,8.617,7.76,7.385,8.96
DE-RuR,Precipitation (Yearly) in mm,871.253,868.097,750.905,909.845,985.7,924.703,933.963,719.227,805.778,1045.083,954.804,1011.901,1043.883,996.367,732.326,906.121,775.622,863.503,1033.949,885.271,916.097,930.431,732.221,929.195,918.613,903.058
De-RuS,Temperature (Yearly) in Celsius,11.015,10.883,9.814,10.664,9.82,10.945,10.564,8.803,10.254,10.259,10.869,10.974,10.386,10.893,10.813,10.25,10.729,11.181,11.102,10.555,10.6,9.378,11.205,10.382,10.026,11.628
De-RuS,Precipitation (Yearly) in mm,501.345,523.802,475.267,544.486,634.117,568.364,538.857,460.178,482.783,717.107,580.635,609.085,644.578,637.127,468.121,579.046,522.784,542.77,681.586,541.477,555.804,571.443,479.424,600.946,532.054,572.899
DE-S eh,Temperature (Yearly) in Celsius,10.911,10.775,9.687,10.552,9.693,10.839,10.45,8.656,10.134,10.14,10.761,10.869,10.269,10.786,10.704,10.131,10.619,11.079,10.999,10.441,10.488,9.242,11.104,10.265,9.903,11.534
DE-S eh,Precipitation (Yearly) in mm,486.7,508.5,461.383,528.581,615.593,551.761,523.116,446.735,468.68,696.159,563.673,591.292,625.748,618.515,454.446,562.13,507.513,526.914,661.675,525.659,539.568,554.75,465.419,583.391,516.511,556.163
DE-SfN,Temperature (Yearly) in Celsius,7.745,7.705,7.025,8.059,7.499,8.787,7.477,6.61,7.678,7.485,7.603,8.302,7.651,8.428,8.173,7.41,7.048,8.022,8.337,8.118,7.915,7.055,8.686,8.063,7.813,9.007
DE-SfN,Precipitation (Yearly) in mm,823.41,911.982,962.457,879.356,948.553,782.958,898.352,894.376,858.512,933.489,1033.452,1020.781,956.43,959.513,674.341,742.862,842.61,828.441,900.468,865.551,888.857,903.167,834.82,1015.932,927.611,847.906
DE-Spw,Temperature (Yearly) in Celsius,11.213,10.972,9.704,10.737,9.676,10.865,10.094,8.197,9.803,10.298,10.838,11.239,10.049,10.655,10.655,10.281,10.357,11.057,11.336,11.104,10.6,9.129,10.941,10.443,10.088,11.687
DE-Spw,Precipitation (Yearly) in mm,473.716,546.354,496.313,509.144,641.986,629.527,669.035,538.224,522.122,641.567,528.784,562.594,638.58,772.192,391.959,608.012,581.091,525.79,713.989,592.079,582.53,798.837,555.775,633.054,662.244,559.053
DE-Tha,Temperature (Yearly) in Celsius,9.234,9.122,7.95,8.951,8.037,9.241,8.348,6.597,8.106,8.633,9.085,9.548,8.381,9.002,8.981,8.553,8.619,9.285,9.602,9.318,8.932,7.523,9.261,8.859,8.435,9.956
DE-Tha,Precipitation (Yearly) in mm,775.91,721.374,702.6,759.982,852.26,829.339,985.723,824.573,748.178,893.508,721.818,790.692,905.555,1084.056,553.703,878.115,811.467,758.406,908.342,856.288,842.836,1121.46,730.768,850.85,897.125,822.632
DK-Fou,Temperature (Yearly) in Celsius,8.844,8.825,7.743,8.518,7.162,8.198,7.771,6.423,7.976,7.778,8.346,8.665,7.548,8.585,7.994,8.113,8.157,8.85,8.911,8.79,8.199,6.139,8.433,7.614,7.69,9.443
DK-Fou,Precipitation (Yearly) in mm,577.813,827.695,636.226,661.365,710.546,777.82,660.754,500.047,617.859,844.895,852.716,776.199,716.999,759.521,616.955,796.442,642.916,847.329,819.246,808.119,724.966,634.495,724.795,843.699,633.3,803.923
DK-NuF,Temperature (Yearly) in Celsius,-2.756,-1.741,-1.815,-3.069,-3.178,-2.529,-1.543,-0.049,-0.354,-0.439,-1.144,-0.295,-0.033,-0.799,0.703,-0.511,0.363,-0.225,-0.387,-0.6,-0.539,2.745,-1.702,0.331,-0.423,-0.784
DK-NuF,Precipitation (Yearly) in mm,881.811,956.98,1020.422,703.318,997.883,896.241,897.459,1319.755,918.369,922.521,1075.019,1145.129,1156.697,802.457,1136.955,1172.481,1293.405,853.432,962.722,1170.83,667.628,883.058,751.661,1374.551,963.288,810.139
DK-Sor,Temperature (Yearly) in Celsius,8.833,8.916,7.755,8.57,7.134,8.328,8.038,6.226,8.211,7.959,8.621,8.893,7.936,8.893,8.375,8.417,8.587,9.204,9.334,9.176,8.435,6.71,8.32,7.68,7.9,9.607
DK-Sor,Precipitation (Yearly) in mm,615.612,943.768,724.772,725.001,853.561,858.126,723.109,584.963,642.771,921.783,973.734,807.401,885.063,925.699,658.408,931.686,750.653,917.524,978.16,922.319,869.674,860.823,901.972,960.979,776.472,835.759
DK-ZaF,Temperature (Yearly) in Celsius,-10.649,-9.681,-10.598,-10.163,-10.477,-10.231,-9.15,-8.723,-9.637,-9.34,-9.214,-10.224,-9.91,-9.249,-9.797,-9.181,-8.399,-8.488,-9.406,-9.005,-9.453,-9.464,-8.941,-9.273,-10.156,-9.763
DK-ZaF,Precipitation (Yearly) in mm,135.05,248.452,174.532,229.067,252.723,186.24,140.3,178.596,221.879,192.734,240.768,144.794,200.619,181.651,108.631,140.709,160.248,201.309,140.1,269.585,154.251,118.993,198.589,136.078,254.237,249.299
DK-ZaH,Temperature (Yearly) in Celsius,-10.088,-9.134,-10.038,-9.609,-9.919,-9.677,-8.611,-8.19,-9.091,-8.798,-8.674,-9.669,-9.36,-8.708,-9.249,-8.642,-7.871,-7.958,-8.863,-8.468,-8.91,-8.921,-8.405,-8.732,-9.603,-9.215
DK-ZaH,Precipitation (Yearly) in mm,120.098,220.946,155.21,203.707,224.744,165.621,124.767,158.823,197.315,171.396,214.112,128.763,178.408,161.54,96.605,125.131,142.507,179.022,124.59,239.738,137.174,105.819,176.603,121.013,226.09,221.699
ES-LgS,Temperature (Yearly) in Celsius,6.251,5.81,5.31,5.342,5.047,6.407,6.344,5.435,6.048,5.943,6.153,6.058,6.461,6.202,6.312,5.82,5.84,6.552,6.051,6.032,6.582,5.912,6.471,6.594,5.85,6.839
ES-LgS,Precipitation (Yearly) in mm,658.926,414.727,429.161,432.428,322.715,298.465,276.059,666.569,656.362,388.595,349.861,348.57,412.776,369.109,492.514,439.167,225.224,556.958,438.412,581.299,528.102,675.52,454.034,416.901,448.672,337.848
ES-Ln2,Temperature (Yearly) in Celsius,8.794,8.413,7.879,7.917,7.629,8.705,8.739,7.942,8.6,8.474,8.553,8.508,8.87,8.759,8.775,8.416,8.287,9.01,8.773,8.732,9.096,8.539,8.925,8.92,8.357,9.082
ES-Ln2,Precipitation (Yearly) in mm,612.724,360.086,397.772,336.215,307.831,240.336,262.369,781.124,574.19,313.565,317.657,409.099,375.887,320.061,470.422,404.739,211.442,497.311,317.117,466.755,546.325,719.093,385.406,387.356,408.087,348.539
FI-Hyy,Temperature (Yearly) in Celsius,5.366,4.622,4.215,4.332,3.567,3.521,4.368,3.245,4.07,3.365,4.284,5.184,3.853,4.103,4.052,4.263,4.647,4.968,4.939,5.17,4.198,3.041,5.216,3.489,5.176,5.412
FI-Hyy,Precipitation (Yearly) in mm,584.186,634.203,616.167,607.52,517.9,545.834,520.307,594.535,564.301,685.415,547.726,617.725,568.869,457.149,518.861,636.068,614.606,558.862,600.478,765.799,494.024,544.187,700.724,705.997,612.415,581.125
FI-Jok,Temperature (Yearly) in Celsius,5.636,5.057,4.499,4.729,3.965,3.778,4.625,3.362,4.454,3.696,4.63,5.442,4.189,4.363,4.275,4.55,4.874,5.426,5.372,5.652,4.475,3.223,5.428,3.919,5.36,5.715
FI-Jok,Precipitation (Yearly) in mm,672.708,754.434,727.474,704.514,597.278,660.951,634.479,673.354,647.842,816.14,642.552,734.906,655.951,516.202,580.956,751.931,687.091,664.352,690.227,894.267,591.225,590.206,766.031,810.431,690.081,681.676
FI-Lom,Temperature (Yearly) in Celsius,0.726,0.319,-0.634,-0.03,-0.801,-0.718,-0.859,-0.816,-0.147,-1.998,-0.776,0.846,-0.59,-0.412,-0.009,-0.281,0.675,0.152,0.189,-0.326,-0.143,-1.527,0.869,-1.266,0.438,0.734
FI-Lom,Precipitation (Yearly) in mm,569.934,441.961,522.539,638.071,465.879,374.174,538.908,443.977,407.342,632.772,534.163,640.116,515.077,428.245,456.314,604.905,594.8,505.654,584.742,546.957,473.684,531.44,645.415,606.787,521.156,599.933
FI-Sod,Temperature (Yearly) in Celsius,1.656,0.894,-0.026,0.675,-0.191,0.068,-0.019,0.031,0.366,-1.494,-0.042,1.671,0.143,0.144,0.687,0.589,1.729,0.909,1.062,0.437,0.494,-0.888,1.546,-0.429,1.316,1.443
FI-Sod,Precipitation (Yearly) in mm,533.04,426.308,514.873,664.623,445.109,389.496,516.632,417.205,407.423,618.316,469.917,623.603,501.067,457.429,460.664,578.101,567.338,488.095,567.74,550.84,487.516,501.42,640.015,567.857,483.571,555.165
FR-Fron,Temperature (Yearly) in Celsius,11.645,11.918,10.515,10.963,10.767,11.961,11.514,10.264,11.353,10.993,11.553,11.528,11.159,11.736,11.991,11.178,11.412,11.844,11.491,10.966,11.419,10.475,12.256,11.275,10.838,12.057
FR-Fron,Precipitation (Yearly) in mm,605.655,634.317,590.064,752.226,761.7,812.997,754.384,639.273,711.38,719.423,907.161,871.287,940.362,859.046,595.227,675.04,559.57,675.134,735.668,722.077,629.622,656.811,606.677,686.859,767.874,807.504
FR-Gri,Temperature (Yearly) in Celsius,11.299,11.502,10.083,10.579,10.275,11.435,11.13,9.646,10.863,10.627,11.257,11.071,10.786,11.287,11.482,10.847,11.023,11.375,11.218,10.674,10.992,9.86,11.827,10.797,10.432,11.649
FR-Gri,Precipitation (Yearly) in mm,509.766,506.079,501.195,625.375,710.352,684.493,637.191,490.245,619.274,650.397,759.592,761.852,787.555,746.296,501.669,588.974,527.276,586.381,667.441,614.691,556.443,552.531,507.278,650.606,632.162,687.137
FR-LBr,Temperature (Yearly) in Celsius,14.762,14.396,13.232,13.335,13.411,14.498,14.23,13.414,14.527,13.511,13.92,13.963,13.703,14.195,14.641,13.679,13.725,14.332,13.584,13.387,14.035,12.986,14.783,13.626,13.448,14.623
FR-LBr,Precipitation (Yearly) in mm,540.69,673.052,632.846,813.004,746.768,772.533,755.308,801.201,721.097,691.139,746.394,870.356,703.515,677.35,707.282,680.81,458.537,724.909,733.803,821.094,753.942,739.856,493.779,656.243,856.115,785.951
FR-Pue,Temperature (Yearly) in Celsius,13.908,13.821,13.152,13.313,13.123,14.305,13.751,13.125,14.124,13.317,13.582,13.672,13.675,13.892,14.366,13.444,13.304,14.199,13.587,13.394,14.218,12.854,14.427,13.826,13.217,14.361
FR-Pue,Precipitation (Yearly) in mm,679.273,816.137,817.243,1094.684,1144.511,1204.017,948.394,1704.635,1125.3,677.471,945.828,849.045,857.338,1035.354,1129.462,875.11,765.507,976.297,744.136,1208.221,775.229,1016.707,932.202,622.266,933.15,1101.845
GF-Guy,Temperature (Yearly) in Celsius,25.572,25.537,25.516,25.527,25.524,25.564,25.571,25.615,25.571,25.61,25.649,25.617,25.632,25.577,25.624,25.65,25.641,25.673,25.599,25.608,25.609,25.69,25.607,25.658,25.607,25.593
GF-Guy,Precipitation (Yearly) in mm,2886.849,3023.995,2575.271,2678.441,2674.211,2883.493,3156.076,3206.324,2946.377,3396.965,2514.629,2960.893,2869.911,3063.114,2751.539,3340.996,3088.936,2964.956,2878.293,2885.456,3123.098,3850.694,2983.467,3050.15,3340.697,2707.474
IT-Bci,Temperature (Yearly) in Celsius,17.069,17.746,16.902,17.546,17.636,18.137,17.03,17.029,17.554,17.442,17.836,17.796,17.881,17.809,18.318,17.695,17.17,17.555,17.854,17.941,17.912,17.558,17.808,18.04,17.839,17.957
IT-Bci,Precipitation (Yearly) in mm,791.463,920.529,853.258,797.485,941.496,827.992,1013.964,1386.248,814.952,944.078,885.5,720.294,692.597,1206.969,1123.143,1189.061,1105.144,859.725,1043.598,1172.42,1349.083,1625.587,1029.683,1145.674,1354.461,1300.013
IT-CA1,Temperature (Yearly) in Celsius,14.161,14.711,13.863,14.589,14.342,15.214,14.043,14.041,14.74,14.49,14.591,15.04,14.891,14.915,15.504,14.795,14.147,14.844,14.936,15.049,15.164,14.531,15.01,15.125,14.832,15.291
IT-CA1,Precipitation (Yearly) in mm,693.337,651.426,749.914,716.226,603.807,518.072,731.241,954.909,733.147,680.178,733.323,601.148,577.264,881.906,626.21,850.438,732.468,496.218,537.396,832.679,786.049,971.694,590.557,686.202,849.835,968.453
IT-CA2,Temperature (Yearly) in Celsius,13.94,14.504,13.636,14.379,14.125,15.02,13.819,13.817,14.533,14.278,14.381,14.841,14.688,14.713,15.316,14.59,13.926,14.64,14.734,14.85,14.968,14.32,14.811,14.928,14.628,15.098
IT-CA2,Precipitation (Yearly) in mm,694.439,652.461,751.105,717.364,604.766,518.896,732.403,956.426,734.312,681.259,734.488,602.103,578.182,883.307,627.205,851.789,733.632,497.007,538.25,834.002,787.298,973.238,591.495,687.293,851.186,969.992
IT-CA3,Temperature (Yearly) in Celsius,13.859,14.423,13.555,14.298,14.044,14.938,13.739,13.737,14.452,14.197,14.3,14.759,14.607,14.632,15.235,14.509,13.845,14.559,14.653,14.769,14.887,14.239,14.729,14.846,14.546,15.017
IT-CA3,Precipitation (Yearly) in mm,639.24,600.599,691.402,660.343,556.695,477.65,674.186,880.403,675.943,627.108,676.106,554.243,532.224,813.096,577.35,784.083,675.318,457.501,495.466,767.71,724.718,895.878,544.479,632.662,783.527,892.89
IT-Col,Temperature (Yearly) in Celsius,6.63,7.174,6.246,7.096,6.923,7.701,6.437,6.422,7.199,7.038,7.046,7.488,7.36,7.345,7.8,7.171,6.478,7.146,7.467,7.43,7.374,6.83,7.368,7.571,7.154,7.612
IT-Col,Precipitation (Yearly) in mm,1088.88,1026.071,1154.187,970.28,955.823,848.376,1101.094,1405.529,1049.87,1000.802,1141.967,858.063,778.299,1270.3,1195.133,1512.167,1218.093,823.487,883.965,1348.124,1425.821,1461.254,1060.628,1106.326,1436.751,1427.685
IT-Cp2,Temperature (Yearly) in Celsius,15.291,15.757,15.005,15.748,15.488,16.262,15.167,15.165,15.845,15.57,15.693,16.032,15.948,15.895,16.495,15.764,15.214,15.811,15.967,15.96,16.038,15.506,16.001,16.107,15.803,16.24
IT-Cp2,Precipitation (Yearly) in mm,700.112,686.117,770.322,674.125,638.213,515.258,721.624,991.358,711.774,671.125,733.968,602.8,511.436,788.258,708.348,956.442,771.933,493.623,575.453,934.555,886.572,996.786,635.15,727.603,915.088,913.709
IT-Cpz,Temperature (Yearly) in Celsius,14.563,15.02,14.283,15.01,14.756,15.514,14.442,14.439,15.105,14.836,14.957,15.289,15.207,15.154,15.743,15.026,14.488,15.073,15.226,15.219,15.295,14.773,15.259,15.363,15.065,15.493
IT-Cpz,Precipitation (Yearly) in mm,794.933,778.991,874.703,765.345,724.732,584.955,819.398,1125.384,808.462,761.995,833.399,684.441,580.703,894.607,804.535,1086.137,874.912,562.046,653.39,1061.075,1003.942,1134.514,721.203,826.147,1039.024,1037.458
IT-Isp,Temperature (Yearly) in Celsius,13.199,13.057,12.569,12.969,12.786,13.744,12.648,12.299,13.299,12.948,12.958,13.188,13.153,13.53,13.873,13.08,12.805,13.518,13.725,13.228,13.368,12.376,14.125,13.283,12.935,13.799
IT-Isp,Precipitation (Yearly) in mm,1674.056,1599.631,1384.203,1653.648,1630.564,1556.551,1470.604,1377.676,1383.736,1329.084,1687.05,1753.361,1480.053,2036.871,1039.105,1225.737,1151.24,1279.111,1104.91,2040.782,1594.599,1883.382,1270.108,1724.194,1846.914,2155.83
IT-La2,Temperature (Yearly) in Celsius,6.713,6.73,6.226,6.921,6.731,7.479,6.468,6.234,7.057,6.878,6.769,7.181,7.01,7.183,7.357,6.686,6.502,7.094,7.426,7.081,7.05,6.307,7.365,7.013,6.874,7.579
IT-La2,Precipitation (Yearly) in mm,1404.775,1367.026,1499.032,1274.77,1302.125,1056.856,1291.217,1644.342,1361.596,1275.607,1361.042,1430.47,1246.954,1792.948,1479.974,1521.447,1459.195,1377.919,1141.634,1715.945,1810.959,1863.044,1307.242,1510.665,1812.517,2015.129
IT-Lav,Temperature (Yearly) in Celsius,6.709,6.727,6.215,6.92,6.727,7.486,6.46,6.223,7.058,6.876,6.766,7.184,7.011,7.186,7.362,6.682,6.495,7.096,7.433,7.083,7.051,6.297,7.37,7.013,6.873,7.587
IT-Lav,Precipitation (Yearly) in mm,1137.238,1106.678,1213.543,1031.992,1054.137,855.579,1045.306,1331.179,1102.282,1032.669,1101.833,1158.039,1009.473,1451.483,1198.115,1231.689,1181.293,1115.496,924.211,1389.145,1466.064,1508.229,1058.279,1222.96,1467.325,1631.35
IT-MBo,Temperature (Yearly) in Celsius,5.084,4.979,4.45,5.184,4.927,5.749,4.638,4.377,5.331,5.112,5.012,5.427,5.166,5.409,5.658,4.983,4.676,5.323,5.673,5.326,5.315,4.444,5.715,5.21,5.014,5.804
IT-MBo,Precipitation (Yearly) in mm,886.767,831.441,921.161,899.621,848.558,722.734,857.81,1004.847,825.403,759.648,918.996,936.541,831.267,1230.376,988.057,835.803,909.21,917.535,697.008,1100.733,1117.371,1188.315,824.343,932.806,1171.304,1270.913
IT-Noe,Temperature (Yearly) in Celsius,16.372,16.374,15.765,16.123,16.008,16.992,16.3,15.84,16.648,16.091,16.532,16.62,16.763,16.395,17.173,16.322,16.088,16.858,16.527,16.433,16.633,15.972,16.542,16.553,16.243,16.788
IT-Noe,Precipitation (Yearly) in mm,413.113,519.75,554.904,618.852,384.145,368.973,357.076,725.094,513.319,370.952,450.67,376.994,361.357,515.631,531.901,598.894,457.848,530.449,544.5,592.67,568.454,706.19,588.796,511.26,713.618,464.17
IT-PT1,Temperature (Yearly) in Celsius,13.388,13.585,13.009,13.385,13.308,14.105,12.999,12.815,13.8,13.442,13.599,13.945,13.714,13.821,14.649,13.681,13.284,14.106,14.325,13.884,14.108,12.928,14.236,13.703,13.507,14.472
IT-PT1,Precipitation (Yearly) in mm,732.995,716.359,711.459,928.763,686.79,716.699,700.628,769.226,572.602,646.949,770.721,934.891,622.692,1183.783,465.312,687.022,699.509,574.603,554.101,1163.657,928.064,1350.484,619.585,921.637,1201.671,1166.674
IT-Ren,Temperature (Yearly) in Celsius,4.428,4.346,3.861,4.601,4.332,5.197,4.14,3.644,4.639,4.304,4.31,4.821,4.504,4.97,4.919,4.173,3.837,4.662,5.004,4.679,4.514,3.757,5.348,4.703,4.46,5.387
IT-Ren,Precipitation (Yearly) in mm,886.617,885.102,919.522,955.468,942.094,764.372,790.007,928.042,821.965,865.792,957.704,1022.587,840.851,1036.272,777.316,836.178,770.551,798.516,824.959,1055.124,922.147,951.168,903.492,1020.442,1029.952,1047.004
IT-Ro1,Temperature (Yearly) in Celsius,14.821,15.355,14.533,15.237,14.997,15.843,14.707,14.705,15.383,15.141,15.238,15.673,15.529,15.553,16.123,15.436,14.808,15.484,15.573,15.682,15.794,15.18,15.645,15.756,15.472,15.917
IT-Ro1,Precipitation (Yearly) in mm,823.271,773.54,890.416,850.454,716.958,615.195,868.255,1134.334,870.059,807.646,870.75,713.805,685.446,1047.51,743.285,1009.761,870.282,588.702,638.069,988.726,934.37,1152.783,701.228,814.799,1009.098,1149.945
IT-Ro2,Temperature (Yearly) in Celsius,14.654,15.2,14.359,15.079,14.833,15.699,14.537,14.535,15.228,14.981,15.08,15.525,15.378,15.402,15.986,15.283,14.64,15.332,15.422,15.535,15.649,15.021,15.496,15.61,15.319,15.775
IT-Ro2,Precipitation (Yearly) in mm,754.93,709.296,816.532,779.852,657.446,564.095,796.201,1039.739,798.276,740.602,798.468,654.551,628.546,960.251,681.84,925.987,797.537,540.3,585.136,906.651,855.878,1058.015,643.019,747.161,925.331,1054.486
IT-SR2,Temperature (Yearly) in Celsius,14.486,14.818,14.242,14.922,14.667,15.472,14.493,14.308,14.968,14.731,14.906,15.292,15.028,15.199,15.597,14.936,14.531,15.309,15.427,15.328,15.423,14.5,15.216,15.222,15.093,15.835
IT-SR2,Precipitation (Yearly) in mm,871.799,914.508,897.59,941.837,862.642,831.3,903.708,1186.434,781.772,685.11,966.865,968.623,899.549,1141.337,655.382,1011.319,845.639,775.86,685.458,1029.382,1075.299,1290.302,750.276,941.055,1325.641,1331.679
IT-SRo,Temperature (Yearly) in Celsius,14.542,14.879,14.295,14.985,14.726,15.543,14.55,14.362,15.031,14.791,14.969,15.361,15.092,15.266,15.67,14.999,14.588,15.378,15.498,15.397,15.493,14.557,15.284,15.289,15.159,15.911
IT-SRo,Precipitation (Yearly) in mm,817.094,857.123,841.267,882.738,808.512,779.137,847.001,1111.986,732.717,642.12,906.195,907.843,843.103,1069.719,614.258,947.86,792.576,727.175,642.446,964.789,1007.825,1209.337,703.197,882.005,1242.458,1248.117
IT-Tor,Temperature (Yearly) in Celsius,3.061,2.877,2.445,2.828,2.605,3.501,2.534,2.146,3.143,2.684,2.688,2.958,2.88,3.165,3.403,2.707,2.406,3.041,3.181,2.816,2.939,1.986,3.695,3.063,2.535,3.341
IT-Tor,Precipitation (Yearly) in mm,731.275,789.619,619.545,815.961,795.222,763.935,752.145,671.568,587.828,623.984,797.182,765.854,755.216,909.8,553.984,594.809,538.02,611.92,566.273,787.541,707.106,779.441,622.756,765.151,818.399,888.23
JP-MBF,Temperature (Yearly) in Celsius,4.004,4.573,3.789,2.993,2.943,3.747,3.818,2.655,3.422,3.234,3.725,3.224,2.471,3.302,3.184,4.106,3.408,3.668,3.29,3.706,3.568,4.285,3.751,3.526,3.715,3.571
JP-MBF,Precipitation (Yearly) in mm,1039.462,1011.741,1043.272,1293.722,907.044,1079.789,1047.435,1163.247,974.987,1155.404,1049.183,1233.624,1046.834,1020.633,766.37,1063.386,974.443,1087.894,913.463,831.975,1189.937,1247.187,1285.455,1155.958,1187.846,1096.103
JP-SMF,Temperature (Yearly) in Celsius,14.496,15.069,14.633,14.182,13.684,14.887,13.801,13.642,14.195,15.085,14.482,14.404,14.152,14.553,14.361,15.277,14.517,14.82,15.041,14.779,14.905,14.983,14.504,14.238,14.763,14.356
JP-SMF,Precipitation (Yearly) in mm,1750.867,1539.693,1862.47,1591.952,1950.661,1008.679,1639.069,1413.99,1556.175,1890.002,1513.304,1631.879,1575.61,1323.53,1687.321,1830.918,1203.727,1625.071,1325.397,1363.585,1635.789,2042.226,1902.951,1624.887,1586.711,1691.894
NL-Hor,Temperature (Yearly) in Celsius,10.746,10.865,9.553,10.484,9.354,10.457,10.33,8.129,9.997,10.322,10.97,10.764,10.259,10.803,10.565,10.578,10.687,11.196,11.476,10.77,10.601,8.857,10.655,10.082,9.505,11.724
NL-Hor,Precipitation (Yearly) in mm,744.86,951.376,775.895,1039.888,995.944,1112.83,930.629,723.61,781.838,1333.232,1097.692,1147.414,1198.951,1080.725,792.968,1100.989,946.848,1020.607,1115.185,1125.592,961.241,951.837,1006.681,1163.874,854.068,937.583
NL-Loo,Temperature (Yearly) in Celsius,10.403,10.393,9.262,10.158,9.238,10.258,9.986,8.182,9.664,9.791,10.375,10.413,9.831,10.276,10.1,9.836,10.247,10.718,10.674,10.072,10.087,8.706,10.525,9.824,9.431,11.087
NL-Loo,Precipitation (Yearly) in mm,655.454,734.123,656.105,803.057,898.127,865.464,738.613,641.805,715.742,1107.038,818.723,873.34,946.064,935.009,661.257,853.582,765.767,781.032,956.148,803.233,772.618,804.139,771.106,907.291,744.66,841.445
NO-Adv,Temperature (Yearly) in Celsius,-7.824,-4.676,-6.464,-7.131,-8.413,-7.641,-8.382,-6.077,-7.781,-7.801,-5.419,-5.552,-6.876,-6.37,-7.971,-5.19,-4.148,-3.29,-4.112,-5.084,-4.489,-5.457,-4.723,-2.839,-5.257,-3.476
NO-Adv,Precipitation (Yearly) in mm,147.02,171.142,154.711,143.986,160.84,144.595,123.717,162.128,131.847,119.26,144.883,144.112,120.696,108.579,101.555,162.28,174.556,188.674,169.462,147.299,154.185,126.378,174.134,160.082,158.093,140.694
NO-Blv,Temperature (Yearly) in Celsius,-7.24,-4.288,-6.118,-6.336,-7.842,-7.29,-8.158,-5.387,-7.233,-6.987,-4.773,-5.33,-5.821,-6.707,-8.292,-5.23,-4.042,-3.56,-4.303,-4.95,-4.278,-5.095,-4.203,-2.489,-4.371,-2.976
NO-Blv,Precipitation (Yearly) in mm,449.126,505.322,474.254,410.724,499.141,434.499,321.433,475.899,394.288,329.725,371.561,429.596,406.353,353.238,311.277,418.225,420.754,473.32,439.277,427.26,426.797,336.471,471.429,454.978,449.574,449.048
RU-Che,Temperature (Yearly) in Celsius,-12.022,-13.093,-11.267,-13.654,-13.957,-12.137,-9.971,-11.431,-11.605,-14.257,-14.204,-12.04,-11.378,-10.638,-9.767,-12.069,-11.385,-11.283,-8.802,-10.475,-11.893,-9.978,-11.309,-10.628,-11.681,-10.463
RU-Che,Precipitation (Yearly) in mm,115.337,142.358,111.813,101.029,92.812,67.401,93.653,138.431,81.508,119.162,93.326,107.289,96.151,91.048,80.749,125.29,89.027,137.29,120.154,90.711,90.146,111.294,98.417,105.891,102.529,109.946
RU-Cok,Temperature (Yearly) in Celsius,-14.387,-13.631,-12.931,-15.753,-15.036,-13.699,-12.287,-14.676,-14.417,-15.507,-15.584,-13.567,-13.619,-13.506,-12.641,-14.333,-12.201,-12.993,-11.134,-12.54,-13.038,-11.766,-12.168,-12.508,-13.821,-12.308
RU-Cok,Precipitation (Yearly) in mm,197.291,246.811,183.61,136.998,156.003,141.055,152.773,209.901,128.338,153.084,118.589,156.538,155.85,147.305,174.801,153.478,132.563,220.517,226.993,183.413,179.35,215.994,217.712,185.764,126.341,199.126
RU-Fyo,Temperature (Yearly) in Celsius,6.303,5.382,5.136,5.084,3.714,4.074,5.251,4.232,4.141,4.094,5.682,5.44,4.81,5.147,4.627,4.808,5.064,4.897,5.865,6.085,5.202,5.182,5.532,4.411,5.351,5.718
RU-Fyo,Precipitation (Yearly) in mm,619.94,662.129,556.609,476.271,564.131,514.761,538.085,480.266,604.482,655.78,573.808,620.718,555.304,442.809,606.368,580.018,543.329,589.915,516.049,590.872,620.869,574.365,584.591,701.715,542.814,426.706
RU-Ha1,Temperature (Yearly) in Celsius,1.712,2.046,1.337,1.819,0.781,1.605,2.492,-0.351,2.417,1.256,1.298,0.937,1.585,2.374,1.637,2.127,1.302,0.953,3.238,2.062,0.452,-0.571,1.168,0.612,1.877,1.351
RU-Ha1,Precipitation (Yearly) in mm,295.351,422.577,354.925,331.003,268.167,349.473,366.694,426.593,321.501,274.875,298.155,413.775,330.76,413.582,373.062,366.58,446.392,453.433,386.551,397.124,453.847,352.631,330.818,339.638,411.207,348.699
SD-Dem,Temperature (Yearly) in Celsius,26.424,27.994,27.678,26.727,27.298,26.411,27.041,26.235,26.253,27.132,27.085,26.822,26.961,26.803,27.529,27.756,27.679,27.181,27.419,27.709,28.223,28.647,27.362,27.778,27.899,27.804
SD-Dem,Precipitation (Yearly) in mm,226.508,193.146,207.952,202.438,260.001,318.547,261.075,440.308,339.9,294.87,348.658,265.812,317.445,510.378,256.411,209.74,277.013,267.496,204.119,144.158,111.16,118.763,123.329,86.707,165.056,184.435
SN-Dhr,Temperature (Yearly) in Celsius,28.274,28.12,28.258,28.273,28.242,28.402,28.332,28.221,28.224,28.208,28.551,28.43,28.322,28.356,28.428,28.405,28.34,28.419,28.525,28.372,28.359,28.205,28.403,28.474,28.365,28.348
SN-Dhr,Precipitation (Yearly) in mm,310.74,203.952,247.869,140.183,218.123,272.821,285.699,188.17,214.008,204.393,329.86,264.059,222.319,199.878,243.55,188.312,285.649,217.439,257.505,291.529,258.968,343.523,238.805,288.245,233.026,154.744
US-AR1,Temperature (Yearly) in Celsius,13.265,15.163,15.009,14.136,12.995,14.635,13.849,13.829,13.5,15.189,14.755,14.688,14.94,14.051,14.446,14.48,14.987,16.009,14.492,14.4,14.238,14.878,15.725,16.248,13.851,14.314
US-AR1,Precipitation (Yearly) in mm,1097.576,784.007,772.999,970.085,1130.194,567.166,761.684,732.423,871.616,753.491,834.144,761.464,683.948,680.731,405.134,645.863,550.978,470.105,774.807,727.783,587.218,600.77,407.806,437.253,691.584,459.047
US-AR2,Temperature (Yearly) in Celsius,13.103,15.03,14.874,13.988,12.828,14.494,13.696,13.675,13.341,15.056,14.616,14.548,14.804,13.901,14.302,14.337,14.852,15.89,14.348,14.255,14.091,14.74,15.601,16.132,13.697,14.168
US-AR2,Precipitation (Yearly) in mm,889.95,635.698,626.773,786.575,916.398,459.877,617.598,593.872,706.734,610.954,676.35,617.419,554.567,551.958,328.495,523.686,446.751,381.176,628.238,590.11,476.135,487.123,330.662,354.539,560.758,372.21
US-ARb,Temperature (Yearly) in Celsius,13.773,15.295,15.007,14.706,13.611,14.532,14.341,14.277,13.979,15.928,15.652,15.211,15.203,14.333,14.821,14.792,15.348,16.704,14.808,15.29,14.81,15.037,16.608,16.934,14.449,14.541
US-ARb,Precipitation (Yearly) in mm,1357.516,1691.643,1328.863,1242.427,1493.69,1148.23,1188.246,1090.994,1232.466,983.767,993.318,940.145,896.069,1086.009,628.791,1188.088,723.302,693.062,1192.158,694.559,1052.98,1017.098,556.277,630.805,827.522,571.393
US-ARc,Temperature (Yearly) in Celsius,13.386,14.903,14.615,14.315,13.224,14.142,13.952,13.888,13.59,15.534,15.258,14.819,14.811,13.944,14.43,14.401,14.955,16.307,14.417,14.898,14.419,14.646,16.212,16.536,14.059,14.15
US-ARc,Precipitation (Yearly) in mm,1462.184,1822.073,1431.321,1338.221,1608.857,1236.762,1279.862,1175.112,1327.492,1059.618,1069.905,1012.632,965.158,1169.743,677.272,1279.693,779.07,746.498,1284.076,748.111,1134.167,1095.519,599.168,679.441,891.326,615.449
US-ARM,Temperature (Yearly) in Celsius,13.533,15.225,15.19,14.49,13.324,14.552,14.267,14.064,14.001,15.648,15.168,14.817,15.364,14.63,14.594,14.678,15.306,16.505,14.64,14.553,14.545,14.986,16.005,17.008,14.004,14.261
US-ARM,Precipitation (Yearly) in mm,1026.913,1204.862,961.194,1139.499,1276.118,765.619,894.861,742.996,956.3,880.511,960.04,753.723,617.98,612.799,567.099,787.127,572.069,433.021,912.276,694.168,728.767,697.097,532.896,471.666,767.892,474.108
US-Blo,Temperature (Yearly) in Celsius,10.106,10.118,10.438,11.281,10.438,10.569,10.952,11.243,11.283,9.93,10.661,10.892,11.484,11.144,11.41,11.342,11.386,11.321,11.415,11.547,11.335,10.658,10.427,11.379,11.53,12.486
US-Blo,Precipitation (Yearly) in mm,1039.15,890.852,1069.569,1194.833,1632.715,1165.948,2150.113,2304.526,1186.775,2140.012,1169.314,1400.691,1339.783,1177.792,1215.543,1193.393,1784.31,1606.576,872.49,1121.745,1183.423,2030.881,1350.219,1727.332,418.77,1188.55
US-Cop,Temperature (Yearly) in Celsius,13.795,13.046,12.202,12.725,12.462,13.571,13.068,13.521,12.397,12.947,13.19,14.162,13.659,13.339,14.304,13.096,13.573,13.471,13.836,12.592,13.273,12.812,12.567,14.513,12.293,14.089
US-Cop,Precipitation (Yearly) in mm,119.494,234.316,237.115,255.553,264.777,193.57,235.355,218.915,271.636,235.566,159.17,166.31,208.004,166.192,151.581,259.458,235.548,216.679,185.43,227.292,170.758,285.259,178.315,154.927,266.11,161.216
US-GBT,Temperature (Yearly) in Celsius,0.255,0.321,-0.153,0.007,-0.656,0.484,-0.063,0.108,-0.386,0.155,0.244,0.496,0.568,-0.028,0.651,0.146,0.601,0.622,1.03,-0.082,0.093,0.13,-0.37,1.572,-0.069,0.304
US-GBT,Precipitation (Yearly) in mm,603.278,661.765,666.964,620.334,717.448,467.182,816.412,627.079,624.805,522.044,533.218,563.71,519.101,424.399,524.434,552.207,556.397,437.655,461.676,517.073,566.051,576.511,576.961,374.337,534.518,688.249
US-GLE,Temperature (Yearly) in Celsius,-0.097,-0.031,-0.505,-0.344,-1.008,0.133,-0.415,-0.244,-0.738,-0.197,-0.107,0.144,0.217,-0.379,0.299,-0.205,0.25,0.27,0.679,-0.433,-0.259,-0.222,-0.722,1.221,-0.42,-0.047
US-GLE,Precipitation (Yearly) in mm,1609.428,1765.458,1779.294,1654.963,1913.985,1246.374,2177.992,1672.957,1666.856,1391.878,1423.353,1503.868,1384.196,1131.609,1400.354,1473.065,1483.767,1168.28,1231.646,1379.462,1510.113,1538.006,1539.229,998.65,1424.221,1837.887
US-Ha1,Temperature (Yearly) in Celsius,7.231,8.488,8.002,7.823,7.483,7.855,7.891,7.255,8.523,8.403,8.053,8.021,8.327,8.54,8.036,8.627,8.392,8.557,8.449,8.325,8.348,8.779,7.657,7.305,8.411,7.64
US-Ha1,Precipitation (Yearly) in mm,1124.655,1153.283,1193.423,1171.427,1289.886,1113.958,938.429,1193.724,1157.547,1438.198,1515.966,1330.148,1182.972,1406.838,1388.235,1216.495,990.138,1102.421,1021.007,1092.277,1171.009,1097.228,1263.417,896.382,904.047,880.092
US-KS2,Temperature (Yearly) in Celsius,21.602,22.324,21.896,21.123,21.332,21.735,21.388,20.995,21.804,22.52,21.733,21.48,21.695,22.045,21.805,21.698,21.702,21.993,22.143,21.504,21.716,20.633,22.3,22.021,22.063,21.808
US-KS2,Precipitation (Yearly) in mm,1152.588,981.372,1343.624,1332.05,1272.308,1573.928,1390.533,1005.595,1396.405,1142.81,1219.079,953.615,1272.958,1328.7,1242.731,1218.127,1320.318,804.079,1071.112,994.601,963.973,791.114,848.489,877.832,870.646,972.319
US-Los,Temperature (Yearly) in Celsius,3.251,4.924,4.678,4.029,3.478,4.363,4.306,3.115,4.353,6.651,5.738,4.814,5.897,4.902,4.337,4.595,5.864,6.448,5.939,4.263,4.399,6.26,5.338,7.213,3.797,2.86
US-Los,Precipitation (Yearly) in mm,717.349,1038.657,989.086,776.14,970.214,858.232,881.889,918.778,775.268,844.955,757.444,746.664,740.69,890.759,742.559,831.445,685.18,623.378,660.186,666.12,669.014,865.899,681.412,555.374,895.513,976.428
US-Me1,Temperature (Yearly) in Celsius,7.273,7.765,7.851,9.2,7.088,8.577,8.758,8.384,8.511,8.843,8.213,7.958,8.224,8.285,9.35,9.311,8.896,8.98,8.567,8.168,8.604,8.57,7.785,8.853,8.522,9.885
US-Me1,Precipitation (Yearly) in mm,144.998,168.027,157.375,142.776,156.483,155.219,225.4,281.842,172.738,229.297,165.729,147.667,149.163,135.329,182.189,166.685,175.534,206.756,176.254,179.647,156.637,210.617,176.907,237.517,138.475,223.521
US-Me2,Temperature (Yearly) in Celsius,6.168,6.597,6.673,7.849,6.006,7.306,7.464,7.138,7.248,7.538,6.988,6.766,6.998,7.051,7.98,7.946,7.584,7.657,7.297,6.949,7.329,7.3,6.615,7.546,7.258,8.447
US-Me2,Precipitation (Yearly) in mm,386.467,447.925,419.513,380.547,416.949,413.95,600.815,749.715,461.996,611.211,441.742,393.655,397.596,360.741,485.547,444.356,467.935,551.139,469.819,478.759,417.252,561.798,471.558,633.121,369.115,595.814
US-Me6,Temperature (Yearly) in Celsius,6.294,6.772,6.856,8.165,6.114,7.56,7.736,7.373,7.496,7.819,7.206,6.959,7.217,7.277,8.31,8.273,7.869,7.951,7.551,7.163,7.586,7.554,6.791,7.828,7.506,8.83
US-Me6,Precipitation (Yearly) in mm,299.895,347.525,325.495,295.299,323.649,321.034,466.188,582.925,357.27,474.248,342.773,305.417,308.509,279.898,376.817,344.75,363.053,427.627,364.541,371.56,323.968,435.613,365.891,491.249,286.403,462.303
US-MMS,Temperature (Yearly) in Celsius,11.086,12.647,13.065,11.696,11.39,12.215,11.794,11.015,11.3,13.411,12.778,11.886,12.703,12.621,11.772,12.271,12.674,12.876,13.091,11.973,11.835,12.631,12.897,13.895,11.67,10.702
US-MMS,Precipitation (Yearly) in mm,1248.316,1558.276,1056.675,1123.167,1403.714,980.124,1140.915,1507.012,1204.094,1265.153,1041.39,1101.339,1095.27,1214.048,1026.051,1114.434,987.572,1225.512,942.327,1123.025,1125.596,952.894,1406.69,791.835,1090.581,1094.251
US-Myb,Temperature (Yearly) in Celsius,14.458,14.731,14.741,15.591,15.108,14.988,15.473,15.677,16.003,14.691,14.79,15.203,15.718,15.297,15.523,15.395,15.407,15.231,15.365,15.48,15.334,14.91,14.636,15.218,15.426,16.366
US-Myb,Precipitation (Yearly) in mm,236.116,213.237,340.14,365.881,459.013,335.625,646.774,636.471,379.025,666.536,310.419,416.469,428.846,332.435,353.356,368.939,465.338,438.716,231.071,300.004,338.573,604.479,369.87,451.1,94.805,388.171
US-Ne1,Temperature (Yearly) in Celsius,9.489,10.796,10.537,9.965,8.401,9.902,9.626,8.641,9.528,10.847,10.751,10.716,10.545,10.543,10.236,10.582,11.302,11.547,10.593,9.244,9.561,10.18,10.542,12.514,9.679,9.673
US-Ne1,Precipitation (Yearly) in mm,845.738,1178.682,1205.792,1299.458,1570.342,1051.806,1280.334,1097.466,978.264,1038.357,982.079,592.167,1074.467,729.851,730.639,831.748,665.937,846.246,1164.628,865.128,868.068,959.172,741.249,671.941,850.021,623.517
US-Ne2,Temperature (Yearly) in Celsius,9.201,10.52,10.258,9.682,8.104,9.618,9.339,8.346,9.241,10.57,10.474,10.439,10.266,10.264,9.955,10.304,11.03,11.277,10.315,8.954,9.274,9.898,10.263,12.252,9.393,9.387
US-Ne2,Precipitation (Yearly) in mm,875.204,1219.747,1247.801,1344.731,1625.052,1088.451,1324.941,1135.702,1012.347,1074.534,1016.294,612.799,1111.901,755.279,756.095,860.726,689.138,875.73,1205.204,895.269,898.312,992.589,767.074,695.352,879.636,645.24
US-Ne3,Temperature (Yearly) in Celsius,9.328,10.655,10.392,9.812,8.225,9.748,9.468,8.468,9.369,10.706,10.609,10.573,10.4,10.398,10.087,10.438,11.169,11.416,10.449,9.08,9.402,10.03,10.397,12.398,9.522,9.515
US-Ne3,Precipitation (Yearly) in mm,699.084,974.294,996.703,1074.128,1298.039,869.419,1058.32,907.162,808.63,858.303,811.783,489.484,888.151,603.292,603.944,687.52,550.461,699.505,962.678,715.112,717.542,792.848,612.714,555.425,702.625,515.397
US-NR1,Temperature (Yearly) in Celsius,2.026,2.03,1.744,1.88,1.4,2.253,1.791,2.004,1.577,2.158,2.124,2.49,2.38,1.975,2.563,1.944,2.585,2.499,2.719,1.947,1.996,2.208,1.737,3.37,1.853,2.187
US-NR1,Precipitation (Yearly) in mm,1041.313,952.369,988.723,907.935,965.106,718.257,1119.567,865.383,888.818,632.145,706.304,719.872,762.982,631.129,703.527,788.205,748.188,664.899,655.05,673.674,804.437,694.154,809.622,545.453,827.31,895.766
US-ORv,Temperature (Yearly) in Celsius,10.778,12.596,12.978,11.423,11.614,11.666,11.313,10.952,11.111,13.281,12.535,11.667,12.331,12.489,11.415,11.745,12.273,12.721,12.723,11.777,11.641,12.412,12.488,13.498,11.589,10.715
US-ORv,Precipitation (Yearly) in mm,1313.847,1455.716,1023.91,1132.433,1216.379,1061.573,1336.312,1477.905,1376.428,1137.966,962.94,1066.291,1002.94,1182.275,1186.07,1341.258,1055.273,1130.039,1002.78,1139.206,1017.18,956.322,1385.781,978.071,1189.602,1043.086
US-PFa,Temperature (Yearly) in Celsius,3.801,5.425,5.186,4.557,4.022,4.881,4.825,3.669,4.871,7.102,6.215,5.319,6.37,5.404,4.856,5.106,6.338,6.904,6.411,4.784,4.916,6.722,5.827,7.648,4.332,3.422
US-PFa,Precipitation (Yearly) in mm,563.571,816,777.055,609.758,762.229,674.253,692.838,721.819,609.073,663.822,595.07,586.601,581.908,699.807,583.377,653.207,538.297,489.745,518.661,523.324,525.597,680.276,535.338,436.319,703.541,767.111
US-Prr,Temperature (Yearly) in Celsius,-3.839,-4.189,-2.813,-4.172,-1.149,-3.474,-2.752,-4.589,-2.543,-2.821,-4.801,-2.444,-2.492,-1.285,-2.013,-1.81,-1.734,-3.566,-2.604,-4.19,-2.686,-2.027,-2.887,-4.335,-2.318,-1.678
US-Prr,Precipitation (Yearly) in mm,364.359,483.536,406.576,438.268,437.216,405.92,285.241,318.372,307.291,312.42,303.423,364.391,307.418,433.926,351.176,317.661,365.38,300.864,313.887,324.878,275.088,290.714,308.568,259.295,317.613,373.599
US-SRG,Temperature (Yearly) in Celsius,18.98,17.825,17.886,17.723,18.257,18.805,18.498,19.138,18.507,17.953,18.501,18.908,18.415,18.827,18.992,18.303,19,18.476,18.631,18.454,19.275,18.379,18.875,19.266,18.276,19.014
US-SRG,Precipitation (Yearly) in mm,362.118,526.277,510.471,743.907,612.298,476.998,401.916,315.289,431.268,386.932,292.55,390.768,436.368,268.486,368.101,388.013,394.906,565.138,504.269,447.202,159.068,494.138,175.815,350.699,456.087,624.347
US-SRM,Temperature (Yearly) in Celsius,19.32,18.127,18.19,18.021,18.573,19.139,18.822,19.482,18.831,18.259,18.824,19.245,18.736,19.161,19.331,18.62,19.34,18.798,18.959,18.776,19.624,18.699,19.211,19.615,18.592,19.355
US-SRM,Precipitation (Yearly) in mm,290.505,422.199,409.519,596.79,491.208,382.666,322.432,252.937,345.98,310.411,234.695,313.489,350.071,215.39,295.304,311.278,316.809,453.375,404.544,358.762,127.61,396.416,141.045,281.344,365.89,500.875
US-Syv,Temperature (Yearly) in Celsius,2.541,4.136,3.983,3.232,2.733,3.539,3.521,2.472,3.618,5.736,4.892,4.002,5.133,4.17,3.69,3.884,5.089,5.525,5.259,3.575,3.614,5.481,4.56,6.329,3.126,2.272
US-Syv,Precipitation (Yearly) in mm,608.615,946.977,848.786,696.337,844.967,787.972,806.859,795.865,707.271,710.408,686.006,691.275,647.198,782.749,681.186,738.243,623.775,585.933,567.635,610.963,602.701,744.917,635.579,489.049,811.747,825.627
US-Ton,Temperature (Yearly) in Celsius,15.1,15.264,15.39,16.419,15.659,15.574,16.112,16.335,16.678,14.957,15.609,15.949,16.595,16.175,16.432,16.266,16.427,16.214,16.422,16.495,16.39,15.681,15.382,16.381,16.599,17.816
US-Ton,Precipitation (Yearly) in mm,397.628,341.286,462.781,498.993,685.921,495.041,940.325,968.637,479.073,936.15,462.917,619.913,617.124,476.575,492.457,490.031,723.342,687.552,341.223,490.061,492.215,899.956,581.83,689.409,158.024,493.867
US-Tw1,Temperature (Yearly) in Celsius,14.269,14.59,14.602,15.602,15.034,14.893,15.464,15.703,16.087,14.544,14.66,15.146,15.751,15.256,15.522,15.371,15.386,15.179,15.336,15.471,15.3,14.8,14.478,15.163,15.408,16.514
US-Tw1,Precipitation (Yearly) in mm,336.888,304.246,485.31,522.228,654.724,478.867,922.813,909.07,539.832,951.009,442.904,594.215,611.874,474.316,504.231,526.653,663.628,625.951,329.69,428.043,483.073,862.547,527.647,643.627,135.266,553.839
US-Tw2,Temperature (Yearly) in Celsius,14.209,14.532,14.544,15.553,14.98,14.837,15.413,15.654,16.041,14.486,14.603,15.093,15.703,15.203,15.472,15.319,15.335,15.126,15.285,15.42,15.248,14.744,14.42,15.11,15.356,16.471
US-Tw2,Precipitation (Yearly) in mm,336.888,304.246,485.31,522.228,654.724,478.867,922.813,909.07,539.832,951.009,442.904,594.215,611.874,474.316,504.231,526.653,663.628,625.951,329.69,428.043,483.073,862.547,527.647,643.627,135.266,553.839
US-Tw3,Temperature (Yearly) in Celsius,14.37,14.684,14.695,15.674,15.118,14.98,15.538,15.772,16.148,14.639,14.752,15.227,15.819,15.335,15.595,15.447,15.462,15.26,15.413,15.545,15.378,14.889,14.575,15.244,15.483,16.564
US-Tw3,Precipitation (Yearly) in mm,336.888,304.246,485.31,522.228,654.724,478.867,922.813,909.07,539.832,951.009,442.904,594.215,611.874,474.316,504.231,526.653,663.628,625.951,329.69,428.043,483.073,862.547,527.647,643.627,135.266,553.839
US-Tw4,Temperature (Yearly) in Celsius,14.269,14.566,14.577,15.501,14.976,14.846,15.373,15.594,15.95,14.523,14.63,15.08,15.639,15.181,15.428,15.288,15.302,15.11,15.256,15.38,15.222,14.76,14.463,15.096,15.321,16.343
US-Tw4,Precipitation (Yearly) in mm,238.058,214.992,342.939,368.755,462.925,338.386,652.095,641.03,382.821,672.02,312.973,419.896,432.374,335.17,356.216,371.796,469.387,442.33,232.972,302.472,341.358,609.395,372.97,454.811,95.585,391.364
US-Twt,Temperature (Yearly) in Celsius,13.732,14.058,14.07,15.086,14.509,14.366,14.945,15.188,15.578,14.012,14.129,14.623,15.237,14.734,15.005,14.851,14.867,14.656,14.816,14.953,14.779,14.272,13.945,14.64,14.888,16.011
US-Twt,Precipitation (Yearly) in mm,227.435,205.398,327.635,352.04,442.526,323.285,622.996,611.13,367.031,642.031,299.007,401.158,413.079,320.213,340.231,354.863,448.863,422.601,222.575,288.974,326.125,582.092,356.435,434.516,91.319,373.9
US-UMB,Temperature (Yearly) in Celsius,5.335,6.799,7.044,5.763,5.745,5.937,6.528,5.081,6.049,8.592,7.651,6.773,7.662,7.467,6.124,6.479,7.871,8.17,7.785,6.415,6.263,8.416,7.324,9.102,6.604,4.764
US-UMB,Precipitation (Yearly) in mm,599.442,786.028,737.223,705.28,736.037,672.773,749.782,823.57,613.297,639.358,501.242,563.11,722.523,596.299,598.562,672.642,502.708,608.655,485.446,674.331,618.27,500.348,648.776,519.683,738.97,679.492
US-UMd,Temperature (Yearly) in Celsius,5.052,6.396,6.621,5.445,5.429,5.605,6.147,4.818,5.707,8.043,7.179,6.372,7.189,7.01,5.777,6.103,7.38,7.656,7.301,6.044,5.905,7.882,6.878,8.511,6.217,4.528
US-UMd,Precipitation (Yearly) in mm,707.325,927.317,869.791,832.147,868.458,793.676,884.648,971.651,723.623,754.374,591.315,664.39,852.496,703.497,706.195,793.626,593.105,718.37,572.481,795.601,729.517,590.294,765.426,613.177,871.858,801.703
US-Var,Temperature (Yearly) in Celsius,14.476,14.653,14.788,15.897,15.078,14.986,15.566,15.806,16.175,14.323,15.025,15.39,16.086,15.634,15.911,15.732,15.905,15.676,15.9,15.978,15.865,15.102,14.78,15.855,16.091,17.401
US-Var,Precipitation (Yearly) in mm,413.271,354.713,480.988,518.624,712.907,514.517,977.32,1006.745,497.92,972.98,481.129,644.302,641.403,495.325,511.832,509.31,751.8,714.602,354.647,509.341,511.58,935.362,604.721,716.532,164.241,513.297
US-WCr,Temperature (Yearly) in Celsius,3.651,5.29,5.049,4.413,3.873,4.741,4.685,3.517,4.73,6.983,6.088,5.183,6.244,5.269,4.715,4.968,6.212,6.784,6.285,4.643,4.776,6.6,5.696,7.534,4.186,3.267
US-WCr,Precipitation (Yearly) in mm,662.942,959.88,914.069,717.273,896.628,793.139,815.002,849.093,716.467,780.869,699.995,690.033,684.513,823.199,686.24,768.383,633.212,576.098,610.114,615.598,618.272,800.225,629.731,513.252,827.592,902.371
US-Whs,Temperature (Yearly) in Celsius,17.887,16.603,16.656,16.666,17.137,17.752,17.321,17.877,17.155,16.709,17.048,17.654,17.26,17.624,17.994,17.056,17.81,17.352,17.443,17.191,17.966,17.185,17.762,18.23,17.065,17.894
US-Whs,Precipitation (Yearly) in mm,214.461,369.669,338.883,439.412,406.543,286.239,293.332,230.734,318.868,259.126,230.172,259.379,258.311,198.415,222.279,284.044,304.7,388.662,357.794,319.412,172.089,312.298,126.162,216.659,332.84,463.31
US-Wi0,Temperature (Yearly) in Celsius,1.77,3.395,2.943,2.571,1.91,2.859,2.675,1.491,2.992,5.03,4.345,3.109,4.362,3.449,3.052,3.167,4.297,5.27,4.453,2.67,2.963,4.554,3.827,5.546,2.312,1.507
US-Wi0,Precipitation (Yearly) in mm,661.481,815.775,858.021,689.388,793.47,735.114,749.859,840.41,624.678,800.174,614.776,610.217,740.574,728.01,533.658,666.156,660.705,449.81,655.226,591.829,533.455,721.283,586.452,619.929,741.671,814.399
US-Wi3,Temperature (Yearly) in Celsius,3.918,5.422,5.004,4.659,4.048,4.926,4.756,3.66,5.049,6.935,6.301,5.157,6.316,5.472,5.105,5.211,6.256,7.157,6.4,4.751,5.022,6.494,5.821,7.412,4.419,3.675
US-Wi3,Precipitation (Yearly) in mm,691.159,852.376,896.517,720.318,829.069,768.095,783.503,878.116,652.705,836.075,642.359,637.595,773.801,760.673,557.601,696.044,690.348,469.992,684.623,618.382,557.389,753.644,612.764,647.743,774.947,850.938
US-Wi4,Temperature (Yearly) in Celsius,3.964,5.479,5.058,4.711,4.095,4.979,4.808,3.704,5.104,7.004,6.365,5.212,6.38,5.53,5.159,5.267,6.32,7.228,6.465,4.803,5.076,6.56,5.882,7.485,4.469,3.719
US-Wi4,Precipitation (Yearly) in mm,724.439,893.418,939.686,755.002,868.99,805.08,821.229,920.398,684.133,876.333,673.289,668.295,811.06,797.3,584.45,729.559,723.589,492.622,717.588,648.157,584.228,789.933,642.269,678.933,812.262,891.911
US-Wi6,Temperature (Yearly) in Celsius,2.218,3.797,3.358,2.997,2.354,3.276,3.098,1.947,3.406,5.386,4.721,3.519,4.737,3.85,3.464,3.576,4.674,5.62,4.825,3.093,3.377,4.924,4.217,5.888,2.745,1.963
US-Wi6,Precipitation (Yearly) in mm,707.197,872.155,917.321,737.033,848.308,785.919,801.683,898.492,667.851,855.476,657.264,652.39,791.757,778.324,570.54,712.195,706.367,480.898,700.51,632.731,570.323,771.132,626.983,662.774,792.93,870.683
US-Wi9,Temperature (Yearly) in Celsius,1.987,3.615,3.162,2.789,2.127,3.078,2.894,1.707,3.211,5.253,4.567,3.328,4.583,3.669,3.271,3.387,4.518,5.494,4.675,2.889,3.182,4.776,4.048,5.77,2.53,1.724
US-Wi9,Precipitation (Yearly) in mm,752.259,927.728,975.772,783.996,902.361,835.997,852.766,955.744,710.406,909.986,699.145,693.959,842.207,827.918,606.895,757.575,751.377,511.54,745.146,673.048,606.664,820.268,666.933,705.005,843.454,926.162
US-Wkg,Temperature (Yearly) in Celsius,17.618,16.471,16.518,16.527,16.948,17.497,17.112,17.609,16.964,16.566,16.868,17.409,17.058,17.383,17.713,16.875,17.549,17.14,17.221,16.996,17.688,16.99,17.505,17.923,16.883,17.623
US-Wkg,Precipitation (Yearly) in mm,210.437,362.733,332.524,431.168,398.915,280.869,287.828,226.405,312.885,254.264,225.853,254.513,253.464,194.692,218.109,278.714,298.983,381.37,351.08,313.419,168.86,306.438,123.795,212.594,326.595,454.617
ZA-Kru,Temperature (Yearly) in Celsius,21.766,21.385,21.627,22.629,21.466,20.953,21.469,20.92,21.083,21.611,20.94,20.718,21.398,21.71,22.017,21.546,22.503,21.53,21.981,21.974,21.813,22.043,21.897,22.135,21.587,21.714
ZA-Kru,Precipitation (Yearly) in mm,363.148,498.964,396.645,307.017,430.015,294.534,415.089,639.087,608.526,699.735,853.031,865.732,586.528,337.035,343.412,569.836,337.243,595.831,374.203,355.087,428.283,436.128,352.6,324.305,475.638,366.114
ZM-Mon,Temperature (Yearly) in Celsius,22.233,23.162,22.507,23.001,22.209,22.885,23.762,22.615,22.533,22.656,22.146,21.975,22.149,22.594,22.208,22.144,23.33,22.374,22.145,22.357,22.135,22.338,21.861,22.285,22.615,22.441
ZM-Mon,Precipitation (Yearly) in mm,489.772,441.029,537.173,403.219,559.982,397.713,416.167,520.914,560.352,555.39,573.233,624.252,639.243,533.274,670.529,584.017,451.997,555.178,540.967,665.415,557.464,640.624,605.402,595.919,507.965,575.466
