code3,typeName,1951,1952,1953,1954,1955,1956,1957,1958,1959,1960,1961,1962,1963,1964,1965,1966,1967,1968,1969,1970,1971,1972,1973,1974,1975,1976,1977,1978,1979,1980,1981,1982,1983,1984,1985,1986,1987,1988,1989,1990,1991,1992,1993,1994,1995,1996,1997,1998,1999,2000,2001,2002,2003,2004,2005,2006,2007,2008,2009,2010,2011,2012,2013,2014,2015,2016
ATA,Refugees (incl. refugee-like status),1957211,1787928,1679304,1581628,1547066,1600875,1582814,1545310,1520185,1354664,1339867,1301322,1203603,1203229,1267335,1198553,1161121,1161836,1296917,1269370,1217180,1218660,1225145,1199943,1171474,1869311,2060364,1704164,1730902,1424300,1647256,1691178,1826012,1567876,1720631,1749951,1767918,2240629,2428625,2562932,2241616,3114574,2239034,1803198,2166469,1412810,1065784,1070617,1236830,1119372,1099539,289766,320108,351199,187215,246951,194062,190692,186684,167117,145048,132807,107207,101141,120132,138769
AGO,Refugees (incl. refugee-like status),0,0,0,0,0,0,0,0,0,150000,150000,170000,175000,200000,220000,303800,356200,381360,408190,414120,419690,421500,426550,487390,496830,499190,529830,646110,652980,449030,457060,465891,298110,357821,317392,355412,391733,407566,408692,407760,381636,300492,323831,282577,246657,249687,267696,319430,353478,433760,470625,435421,329583,228851,215827,206501,186155,171393,141021,134858,128664,19258,10286,9484,11869,8363
RWA,Refugees (incl. refugee-like status),0,0,0,0,0,0,0,0,0,0,147000,147000,154000,166300,155900,159600,160230,160100,144930,142050,141630,153650,163595,178260,175720,176410,169780,175110,176540,286651,277011,327951,321761,357111,376521,371911,353441,327539,319501,361322,431240,434736,450462,2257573,1819366,469136,68003,77743,88944,119056,84513,75257,75263,63804,100264,92966,80964,72530,129109,115524,106833,97373,83955,79408,286366,286033
GHA,Refugees (incl. refugee-like status),0,0,0,0,0,0,0,0,0,0,5000,5000,5000,5000,5000,0,0,0,0,0,0,0,0,0,0,0,0,0,0,2,2,312,1958,2202,3195,2699,3916,4769,4716,4691,4701,4776,4473,14289,13592,15095,14775,13633,13293,14775,14556,15686,15879,14772,18433,9960,5063,13242,14893,20203,20361,24298,21078,22145,22978,15507
SDN,Refugees (incl. refugee-like status),0,0,0,0,0,0,0,0,0,0,0,0,13000,20300,81560,115000,120990,175500,170400,172960,171330,128450,13050,11770,11000,10600,10850,10850,10850,10852,5352,5352,31002,180062,180855,132759,253166,347310,438899,523998,196242,267767,393871,405135,445280,475305,364589,390013,485460,494363,489950,508877,606242,730641,693632,686311,523032,419248,368195,387288,500014,568943,648942,665967,627087,650588
GNB,Refugees (incl. refugee-like status),0,0,0,0,0,0,0,0,0,0,0,0,6000,30000,50000,61050,59520,56740,67800,66660,80000,82000,84000,90000,46000,37000,5000,5000,5000,5002,4002,5002,5002,5012,5352,5354,5002,5001,5004,5003,5006,5008,5011,5015,830,856,868,8887,3185,886,927,986,975,1018,1050,1003,1028,1065,1109,1127,1123,1180,1223,1307,1471,1635
COD,Refugees (incl. refugee-like status),0,0,0,0,0,0,0,0,0,0,0,0,0,58700,47000,74800,78190,67330,54530,51650,43470,43920,43380,39820,39410,44070,264940,151560,70450,116750,118970,92455,101571,94512,86418,96619,69428,103537,100786,67423,65816,81269,74826,73286,89738,158794,173995,158833,255950,371713,392146,421362,453465,462191,430929,401914,370374,367995,455852,476693,491481,509290,499563,516771,541496,537429
ALB,Refugees (incl. refugee-like status),0,0,0,0,0,0,0,0,0,0,0,0,0,100,4860,4860,4260,4120,4290,4310,390,2300,2090,380,380,0,2000,1980,1610,1681,1680,1645,1610,1576,1587,90,129,358,367,1822,3540,4353,4744,5019,5803,5785,5379,5353,6288,6802,7626,10761,10385,10478,12722,14079,15340,15006,15711,14772,13551,12568,10103,10158,10408,11050
ARM,Refugees (incl. refugee-like status),0,0,0,0,0,0,0,0,0,0,0,0,0,170,0,0,0,200,200,200,4070,3500,0,0,0,0,440,420,700,333,333,733,333,333,333,528,208,301,1,1,1,195003,200116,201842,201442,203231,203690,193150,193231,5786,7207,13249,13162,13410,13965,14917,15436,16336,18000,17547,16487,15935,11998,11848,11214,10687
RUS,Refugees (incl. refugee-like status),0,0,0,0,0,0,0,0,0,0,0,0,0,120,0,17970,0,0,0,170,160,150,110,80,70,60,50,50,0,10821,11562,11569,11574,11577,11582,10226,8683,33636,68496,117736,155576,213802,243312,251393,207034,173723,198063,172730,28314,40310,45156,91626,96420,108100,103037,159382,93224,103061,109455,111948,109785,110588,74316,70562,67020,62737
CHN,Refugees (incl. refugee-like status),0,0,0,0,0,0,0,0,0,0,0,0,0,1200000,1330000,1326810,74000,70000,65000,66000,70000,75000,0,0,0,0,0,0,0,24,24,104,24,24,124,154,24,265,413,1426,2011,82576,111509,113907,104693,105810,106738,109402,111952,110975,117409,132115,132406,134722,124101,140598,149095,175180,180558,184602,190369,193453,195133,210802,212912,207733
#N/A,Refugees (incl. refugee-like status),0,0,0,0,0,0,0,0,0,0,0,0,0,51000,52000,52000,57180,62730,64140,64560,64110,65680,66840,68000,8200,8300,8400,8500,8600,8700,8800,9800,10800,11800,12800,13800,14800,15800,16800,17800,18800,19800,21132,21164,20035,20037,20506,21229,21040,20968,20720,20631,20039,20040,20198,20184,20170,20079,20080,15082,15068,15000,15065,15069,15071,13526
VNM,Refugees (incl. refugee-like status),0,0,0,0,0,0,0,0,0,0,0,0,0,10000,15000,17000,20000,22000,22000,20000,0,0,0,0,2110,4000,9380,115010,395290,344428,312548,325343,328399,328095,326617,326668,325717,440379,456936,496029,498323,517111,527627,539101,543541,518340,476795,435437,405377,370758,353224,373741,363179,349803,358268,374279,327776,328183,339289,338698,337829,336939,314107,313418,313155,329331
MOZ,Refugees (incl. refugee-like status),0,0,0,0,0,0,0,0,0,0,0,0,0,10000,17000,20800,27750,33750,43120,60070,60410,64400,69800,80960,34750,580,120,130,370,120,5170,20200,50200,51200,72250,193550,635000,921238,1120758,1247992,1316636,1445474,1172550,234497,125562,34657,33652,59,35,30,46,130,111,104,104,231,222,208,136,131,155,160,56,58,57,33
BDI,Refugees (incl. refugee-like status),0,0,0,0,0,0,0,0,0,0,0,0,0,0,3000,250,0,0,0,0,0,129000,131895,120880,141940,152320,153550,148180,151680,169772,182952,176272,176552,182912,199812,210621,186911,190154,191443,191622,223946,184135,871382,389706,350582,428680,519123,502568,527449,568084,553999,574557,531637,485767,438706,396541,375727,281592,94239,84064,101288,73363,72647,72493,292764,408036
GRC,Refugees (incl. refugee-like status),0,0,0,0,0,0,0,0,0,0,0,0,0,0,17690,7090,23420,21820,21590,21290,1480,6610,5900,580,510,450,410,380,360,340,320,300,280,260,0,0,0,6,6,16,6,1,1,94,222,250,178,174,164,125,97,301,270,224,331,91,92,67,62,51,56,51,91,113,112,101
HUN,Refugees (incl. refugee-like status),0,0,0,0,0,0,0,0,0,0,0,0,0,0,3270,3270,3270,3270,3360,3490,220,210,170,150,140,50,0,120,0,763,744,728,607,430,435,381,329,3887,4359,5767,4733,3993,5016,4471,2348,3083,2669,1242,800,518,953,3517,3395,2749,3519,3119,3386,1614,1537,1438,1238,1087,1220,1267,1443,2904
#N/A,Refugees (incl. refugee-like status),0,0,0,0,0,0,0,0,0,0,0,0,0,0,0,300,300,430,400,400,0,0,0,0,0,0,0,0,0,0,0,0,0,0,0,0,0,0,0,0,0,1,1,1,1,2,2,1,2,2,4,8,9,8,5,40,32,30,24,25,27,25,28,27,28,0
MWI,Refugees (incl. refugee-like status),0,0,0,0,0,0,0,0,0,0,0,0,0,0,0,150,300,140,190,250,250,250,100,80,30350,60,1050,310,460,420,70,240,440,440,450,440,450,4,4,53,50,50,44,60,37,39,34,28,34,33,25,48,59,94,101,113,97,106,130,171,222,277,326,361,426,407
NAM,Refugees (incl. refugee-like status),0,0,0,0,0,0,0,0,0,0,0,0,0,0,0,180,230,1330,840,900,900,1000,3410,3420,3970,9020,12930,35760,40580,55620,74520,75170,75112,77552,76916,76966,75726,76591,3704,532,204,15,133,65,13,12,2,1902,701,2308,2297,1302,1293,1314,1226,1202,1128,985,921,1017,1073,1098,1143,1253,1277,1348
ZAF,Refugees (incl. refugee-like status),0,0,0,0,0,0,0,0,0,0,0,0,0,0,0,390,450,740,290,460,850,790,940,1380,1360,2180,2395,3840,7280,24250,24900,28430,34520,38560,38110,33220,26151,24908,17137,14783,11206,9241,9094,1514,488,290,244,188,193,168,123,275,288,269,268,510,474,453,384,380,429,420,423,424,450,427
ETH,Refugees (incl. refugee-like status),0,0,0,0,0,0,0,0,0,0,0,0,0,0,0,0,28600,31000,31000,54350,55200,44640,46300,49200,91410,105700,655350,887670,1623870,2567998,1293266,1264915,1281917,1476134,1749309,1534548,1487663,1513307,1474919,1345928,251241,313129,251828,226436,100987,96270,84401,70680,71055,66410,58997,61240,62677,63150,65461,74026,59858,63878,62889,68848,70610,74968,77122,86870,85839,83894
COG,Refugees (incl. refugee-like status),0,0,0,0,0,0,0,0,0,0,0,0,0,0,0,0,930,330,0,0,0,0,0,0,110,0,0,0,0,6,6,6,6,6,6,6,0,0,0,2,4,7,11,32,177,221,21147,17143,27302,27579,24237,28002,28958,28144,24438,20608,19735,19925,20544,20679,12839,12119,11753,14500,14781,13231
ZMB,Refugees (incl. refugee-like status),0,0,0,0,0,0,0,0,0,0,0,0,0,0,0,0,0,15000,13000,9000,750,750,750,4000,750,750,0,0,1000,1210,1200,1200,1200,0,0,0,0,1,1,1,1,1990,1574,16,20,40,63,77,87,98,62,92,100,124,151,204,196,195,206,228,240,243,232,316,344,246
NGA,Refugees (incl. refugee-like status),0,0,0,0,0,0,0,0,0,0,0,0,0,0,0,0,0,40100,2850,0,0,0,0,0,0,0,0,0,0,0,0,0,0,0,1,2,3,13,14,16,23,76,100,592,1939,4754,3059,3999,4441,5742,6084,24572,24428,23890,22128,13253,13904,14169,15609,15642,17141,18021,31176,90947,167989,229261
IRQ,Refugees (incl. refugee-like status),0,0,0,0,0,0,0,0,0,0,0,0,0,0,0,0,0,2700,2700,0,0,0,0,0,0,0,0,560,31000,31098,66589,103766,103721,101724,401503,400745,410818,508468,507986,1133805,1321853,1343824,771077,749834,718719,714730,707338,675030,642886,526179,530511,422512,368580,311890,262299,1450905,2309245,1903519,1785212,1683579,1428308,746206,401466,369954,264094,315998
SYR,Refugees (incl. refugee-like status),0,0,0,0,0,0,0,0,0,0,0,0,0,0,0,0,0,1200,1200,0,0,0,0,0,0,0,0,0,500,502,504,504,526,529,2599,534,20,881,397,2148,3037,4408,5404,7087,7994,8609,8653,8126,6695,5871,4869,18913,20819,21434,16401,12338,13690,15211,17914,18452,19931,729022,2468332,3887491,4873243,5524333
BGR,Refugees (incl. refugee-like status),0,0,0,0,0,0,0,0,0,0,0,0,0,0,0,0,0,0,90,320,340,340,340,300,300,0,0,290,0,329,274,257,227,183,190,160,138,898,869,1922,2735,2981,3155,4689,4156,3246,3048,3122,2653,2404,2121,2841,2567,2231,4254,3438,3311,3040,2745,2559,2327,2147,1880,1648,1269,794
#N/A,Refugees (incl. refugee-like status),0,0,0,0,0,0,0,0,0,0,0,0,0,0,0,0,0,0,130,150,140,130,130,120,120,0,0,4200,0,270,214,177,157,91,91,72,42,99,98,1745,45823,90081,58253,54976,86120,103967,106654,115292,172509,146748,144231,327587,296632,237023,189989,174027,165643,185935,195626,183289,161671,158908,48725,45733,38628,36898
CUB,Refugees (incl. refugee-like status),0,0,0,0,0,0,0,0,0,0,0,0,0,0,0,0,0,0,14500,16700,54500,17070,0,1600,0,0,0,0,3560,1693,2703,653,924,1356,1876,686,836,3874,7682,13523,17615,21273,22406,23316,24854,25462,24913,23559,23328,20084,18959,18043,16093,15675,19000,33580,7503,7938,7549,7477,7856,7731,7460,7502,6833,5925
TCD,Refugees (incl. refugee-like status),0,0,0,0,0,0,0,0,0,0,0,0,0,0,0,0,0,0,0,1900,1400,1500,1500,0,0,0,0,0,10000,221000,234260,17010,16744,181346,212158,170078,146858,130790,125864,184806,72319,66381,212932,211971,59727,58445,55025,61298,58797,54962,46294,47349,52275,52655,48400,36300,55722,55105,55014,53733,42640,39694,48640,48258,14940,14146
ROU,Refugees (incl. refugee-like status),0,0,0,0,0,0,0,0,0,0,0,0,0,0,0,0,0,0,0,100,60,90,90,70,70,0,0,60,0,772,854,1157,1211,962,2201,1024,1890,20247,45978,51282,27177,25118,23572,22278,16978,11871,8951,10921,8558,7348,6052,8847,8387,6045,11502,7234,5306,4756,4358,3934,3428,2807,2330,1918,1735,1190
CZE,Refugees (incl. refugee-like status),0,0,0,0,0,0,0,0,0,0,0,0,0,0,0,0,0,0,0,70,70,70,60,50,50,0,0,0,0,393,389,494,421,456,981,411,385,5649,5790,6123,4491,3327,5015,4648,2039,977,698,1934,1243,810,1179,6984,6702,4528,3589,2138,1384,1358,1067,817,763,622,991,1327,1285,1266
ESP,Refugees (incl. refugee-like status),0,0,0,0,0,0,0,0,0,0,0,0,0,0,0,0,0,0,0,680,670,650,390,210,140,510,0,0,0,5,3,52,602,62,62,1,60,0,0,0,0,0,0,42,36,218,215,60,53,80,48,58,53,49,49,2444,41,27,34,42,43,52,56,60,59,29
POL,Refugees (incl. refugee-like status),0,0,0,0,0,0,0,0,0,0,0,0,0,0,0,0,0,0,0,150,150,140,100,70,60,50,0,50,0,471,505,775,761,994,1655,1102,1475,23266,23072,25632,21643,14518,13390,35938,19732,12869,7294,1880,1245,865,3191,16712,15211,10680,19641,13513,2915,2391,2059,1764,1815,1640,1429,1310,1297,1144
BOL,Refugees (incl. refugee-like status),0,0,0,0,0,0,0,0,0,0,0,0,0,0,0,0,0,0,0,1400,2930,1730,0,1650,90,60,0,0,0,170,101,271,1,1,1,1,1,2,28,731,67,28,41,177,180,177,161,183,174,175,156,219,264,285,269,374,428,454,573,590,611,618,601,600,571,515
LSO,Refugees (incl. refugee-like status),0,0,0,0,0,0,0,0,0,0,0,0,0,0,0,0,0,0,0,0,60,0,0,110,310,0,90,160,160,70,80,0,0,0,0,0,0,0,4,4,4,0,55,0,0,2,3,3,3,4,1,4,6,7,6,8,7,8,10,11,11,13,15,17,17,5
BRA,Refugees (incl. refugee-like status),0,0,0,0,0,0,0,0,0,0,0,0,0,0,0,0,0,0,0,0,2000,2000,0,0,0,0,0,0,0,5,5,5,5,5,5,3,1,1,6,14,11,11,12,41,53,85,104,136,196,224,254,441,378,403,370,707,1624,1404,973,994,1045,1076,985,977,895,793
GIN,Refugees (incl. refugee-like status),0,0,0,0,0,0,0,0,0,0,0,0,0,0,0,0,0,0,0,0,300,0,0,0,300000,500000,3000,0,0,0,0,50,0,70,0,50,50,50,50,0,2,19,31,106,441,523,648,924,1151,1497,2019,3418,3871,4782,5820,6840,8278,9495,10920,11985,13161,14061,14561,15252,17005,17526
KHM,Refugees (incl. refugee-like status),0,0,0,0,0,0,0,0,0,0,0,0,0,0,0,0,0,0,0,0,57000,55000,35000,0,18830,17200,76710,165120,51100,192843,135077,123398,91115,72468,67518,54848,48589,97758,75725,54364,43168,28851,9753,8538,61225,62244,103246,76576,38320,36855,34759,33456,31407,18115,17806,17965,17704,17253,17025,16314,15205,14024,13747,13071,12803,12408
TUR,Refugees (incl. refugee-like status),0,0,0,0,0,0,0,0,0,0,0,0,0,0,0,0,0,0,0,0,0,250,0,0,0,0,70,60,60,0,0,300,540,1040,810,852,1084,150,2764,5508,6452,10089,16768,28873,44866,50354,47341,45019,44012,47155,47090,193704,185098,174578,170567,227232,221939,214378,146387,146794,139779,135372,66575,63892,59558,57885
MMR,Refugees (incl. refugee-like status),0,0,0,0,0,0,0,0,0,0,0,0,0,0,0,0,0,0,0,0,0,5700,0,0,0,0,0,160000,0,0,0,0,0,0,0,0,0,7,4,28,40053,245130,281574,204510,152298,143017,135772,133407,131663,137128,145856,148501,151384,161013,164864,202826,191313,184413,406669,415670,414626,415371,479606,479006,451805,490265
UGA,Refugees (incl. refugee-like status),0,0,0,0,0,0,0,0,0,0,0,0,0,0,0,0,0,0,0,0,0,0,950,2630,2510,3250,8000,8820,88710,224301,176691,271285,315346,293991,306060,238652,111071,21975,21358,58820,39386,32456,33415,31450,24166,28339,55241,13301,13937,32414,40141,40425,35247,31963,34225,21751,21341,7548,7554,6441,5680,5608,8176,7191,6316,6189
CHL,Refugees (incl. refugee-like status),0,0,0,0,0,0,0,0,0,0,0,0,0,0,0,0,0,0,0,0,0,0,0,13550,15350,2670,3000,3130,3130,1505,1885,2483,1794,1552,2181,2434,1906,608,1201,14548,14007,14043,15267,15474,14273,12805,9776,7011,1543,860,834,1709,1555,1194,938,805,970,994,1312,1170,1189,1152,596,579,561,490
URY,Refugees (incl. refugee-like status),0,0,0,0,0,0,0,0,0,0,0,0,0,0,0,0,0,0,0,0,0,0,0,3000,570,1160,0,0,0,24,24,525,25,165,537,47,39,32,202,842,601,429,162,362,262,201,89,74,39,51,46,61,57,81,111,164,197,199,188,186,184,171,147,124,91,13
HTI,Refugees (incl. refugee-like status),0,0,0,0,0,0,0,0,0,0,0,0,0,0,0,0,0,0,0,0,0,0,0,1000,0,0,0,300,3300,3800,5000,5000,5230,5440,6100,5120,5080,4699,3344,2092,1858,2486,3866,9803,13925,15118,15481,13538,8766,7561,7248,7718,7547,9208,13542,20837,22280,23066,24116,25892,33661,38568,38659,37162,34774,29661
TZA,Refugees (incl. refugee-like status),0,0,0,0,0,0,0,0,0,0,0,0,0,0,0,0,0,0,0,0,0,0,0,320,0,90,300,300,600,301,3001,501,501,501,1,0,2000,5,9,8,11,20,32,62,68,65,66,102,118,313,378,580,711,985,1549,1668,1255,1270,1204,1144,1163,1122,1040,858,820,554
ZWE,Refugees (incl. refugee-like status),0,0,0,0,0,0,0,0,0,0,0,0,0,0,0,0,0,0,0,0,0,0,0,0,14720,31220,76520,163160,197640,160,190,0,3200,3760,4250,3230,3830,627,3,4,128,9,17,42,36,34,38,42,43,109,257,4030,7162,9568,11251,12781,14374,16841,22449,24089,25048,22101,19734,22492,21344,18116
GNQ,Refugees (incl. refugee-like status),0,0,0,0,0,0,0,0,0,0,0,0,0,0,0,0,0,0,0,0,0,0,0,0,90000,90000,120000,90000,40000,38001,18001,18001,1,1,1,0,0,0,0,0,60,114,214,342,343,397,473,420,429,509,529,552,591,546,477,461,407,384,344,305,258,228,200,174,154,126
ESH,Refugees (incl. refugee-like status),0,0,0,0,0,0,0,0,0,0,0,0,0,0,0,0,0,0,0,0,0,0,0,0,20000,35000,50000,50000,50000,50000,165000,165000,165000,165000,165000,165000,165000,165000,167190,165000,165000,165000,165000,166493,165000,166328,166099,165967,165868,165810,165910,165884,165729,165731,90652,90614,116594,116530,116474,116415,116413,116452,116504,116482,116547,116644
LAO,Refugees (incl. refugee-like status),0,0,0,0,0,0,0,0,0,0,0,0,0,0,0,0,0,0,0,0,0,0,0,0,55510,62720,78970,119180,128770,105256,89990,80588,85043,86673,99303,91214,78894,135866,133496,135633,122326,96157,74501,54896,58193,46909,37367,29017,21396,16094,12631,11235,10363,16114,24442,26447,10013,8598,8398,8414,8088,7984,7745,7482,7363,7224
KEN,Refugees (incl. refugee-like status),0,0,0,0,0,0,0,0,0,0,0,0,0,0,0,0,0,0,0,0,0,0,0,0,90,0,1200,80,80,0,0,0,0,0,0,0,0,2,2,10,33,63,85,8774,9327,9390,9570,6046,6138,2373,2559,3098,3163,3847,4640,5357,7546,9688,9620,8602,8745,8950,8586,8553,7906,7506
SOM,Refugees (incl. refugee-like status),0,0,0,0,0,0,0,0,0,0,0,0,0,0,0,0,0,0,0,0,0,0,0,0,110,50,60,90,90,134,34,118,39,639,1830,3142,60162,351993,360309,470174,732594,797120,574617,631426,638698,636985,608094,557959,524613,475655,440134,432316,402336,389300,395553,464037,457356,561155,678309,770154,1077048,1136719,1121770,1106434,1123156,1012277
PSE,Refugees (incl. refugee-like status),0,0,0,0,0,0,0,0,0,0,0,0,0,0,0,0,0,0,0,0,0,0,0,0,0,3200,0,0,0,0,0,9800,9110,0,31642,52704,2004,5014,8041,8521,65177,95343,81474,82564,72768,80215,76821,77524,100602,110640,349161,428782,350568,349831,349673,334142,341237,340016,95201,93323,94150,94918,96044,97212,98018,97749
BEN,Refugees (incl. refugee-like status),0,0,0,0,0,0,0,0,0,0,0,0,0,0,0,0,0,0,0,0,0,0,0,0,0,100,0,200,200,0,0,0,0,0,0,50,50,50,62,2,4,4,68,77,54,46,46,56,52,54,55,232,282,309,411,215,271,318,411,442,461,457,302,340,412,464
CYP,Refugees (incl. refugee-like status),0,0,0,0,0,0,0,0,0,0,0,0,0,0,0,0,0,0,0,0,0,0,0,0,0,0,700,0,0,0,0,0,0,0,0,0,0,11,11,11,0,0,0,6,9,10,8,11,16,11,5,7,5,2,5,5,9,10,11,13,11,11,10,10,4,0
PHL,Refugees (incl. refugee-like status),0,0,0,0,0,0,0,0,0,0,0,0,0,0,0,0,0,0,0,0,0,0,0,0,0,0,90000,92000,90000,90000,90000,90000,100000,100000,90000,90000,90000,90000,90000,10,15,46,113,436,516,598,525,45598,45520,45482,45467,45608,412,434,465,886,1552,1354,993,970,952,986,724,670,593,421
NIC,Refugees (incl. refugee-like status),0,0,0,0,0,0,0,0,0,0,0,0,0,0,0,0,0,0,0,0,0,0,0,0,0,0,0,144800,16600,960,2500,18970,23520,35020,52650,67550,68540,86565,97700,52618,46789,44275,33052,28591,23938,22820,22494,21389,20573,5071,4399,4050,3983,1821,1463,1828,1900,1537,1478,1431,1468,1531,1538,1587,1476,1409
EGY,Refugees (incl. refugee-like status),0,0,0,0,0,0,0,0,0,0,0,0,0,0,0,0,0,0,0,0,0,0,0,0,0,0,0,50,0,2,4,5,6,6,7,8,8,14,13,48,97,209,258,502,872,1202,1722,2612,3491,3953,4678,6443,5735,5371,6291,7613,6799,6780,6990,6913,7936,10020,12810,15903,17926,19742
DOM,Refugees (incl. refugee-like status),0,0,0,0,0,0,0,0,0,0,0,0,0,0,0,0,0,0,0,0,0,0,0,0,0,0,0,50,0,1,1,1,1,1,1,1,0,0,0,0,0,0,1,29,30,29,47,42,45,47,46,83,92,97,67,150,358,318,230,246,250,289,306,349,382,344
IDN,Refugees (incl. refugee-like status),0,0,0,0,0,0,0,0,0,0,0,0,0,0,0,0,0,0,0,0,0,0,0,0,0,0,0,1000,1000,1000,150,2200,1230,11020,11800,11340,9680,9301,7776,7169,6164,6829,7924,8726,9836,11365,8799,9053,9020,9149,8970,9906,16240,27919,34384,34728,20558,19345,18213,16892,16079,15523,14786,14408,13956,13046
YEM,Refugees (incl. refugee-like status),0,0,0,0,0,0,0,0,0,0,0,0,0,0,0,0,0,0,0,0,0,0,0,0,0,0,0,15000,15000,15001,1,1,1,1,1,100001,70001,77001,77003,8,73,31,39,150,369,1154,1721,1935,2022,2113,1985,1600,1597,1606,1325,1362,1632,1777,1934,2076,2323,2594,2428,2631,15897,18396
AFG,Refugees (incl. refugee-like status),0,0,0,0,0,0,0,0,0,0,0,0,0,0,0,0,0,0,0,0,0,0,0,0,0,0,0,0,500000,1734921,3879984,4488214,4712735,4417651,4653193,5094283,5511740,5622982,5643989,6339095,6306301,4552153,3374576,2731169,2679133,2674236,2676674,2667115,2601691,3587336,3809767,2510294,2136043,2414468,2166149,2107519,3057661,2833128,2887123,3054709,2664436,2586152,2556502,2596270,2666305,2501410
ERI,Refugees (incl. refugee-like status),0,0,0,0,0,0,0,0,0,0,0,0,0,0,0,0,0,0,0,0,0,0,0,0,0,0,0,0,400,542,1542,1585,1385,1385,1385,177,167,133,43,43,500633,503200,427213,422433,286712,332225,319077,346781,347138,376851,333229,318176,124121,131123,144066,193745,208748,186398,209168,222460,251954,285371,308236,363092,407449,459390
SLV,Refugees (incl. refugee-like status),0,0,0,0,0,0,0,0,0,0,0,0,0,0,0,0,0,0,0,0,0,0,0,0,0,0,0,0,0,91630,304810,242400,244600,243000,180604,171784,167604,166393,39582,30019,33049,30855,26124,30735,23535,19639,17126,12591,12410,7756,7150,6632,5658,4497,4281,6388,6022,5151,5051,4976,6720,8171,9635,10965,14778,19595
GTM,Refugees (incl. refugee-like status),0,0,0,0,0,0,0,0,0,0,0,0,0,0,0,0,0,0,0,0,0,0,0,0,0,0,0,0,0,750,1910,36490,41800,47880,52890,52800,53700,53753,45413,47988,52587,53941,50267,49610,42899,40342,37508,32747,28082,20711,16867,13888,6696,4376,3379,6496,6161,5934,5768,5679,6088,6388,6615,7483,10284,12534
ARG,Refugees (incl. refugee-like status),0,0,0,0,0,0,0,0,0,0,0,0,0,0,0,0,0,0,0,0,0,0,0,0,0,0,0,0,0,38,38,1019,42,42,51,52,47,46,103,334,198,113,98,469,330,217,159,142,586,609,659,771,784,796,856,894,1171,1047,608,557,518,447,388,318,194,115
DZA,Refugees (incl. refugee-like status),0,0,0,0,0,0,0,0,0,0,0,0,0,0,0,0,0,0,0,0,0,0,0,0,0,0,0,0,0,2,3,3,3,3,3,1,1,5,6,19,55,71,86,20743,1520,2247,3418,5727,7151,8034,8418,12107,11667,10673,12041,8353,10615,9060,8185,6689,6121,5677,3660,3524,3490,3675
IRN,Refugees (incl. refugee-like status),0,0,0,0,0,0,0,0,0,0,0,0,0,0,0,0,0,0,0,0,0,0,0,0,0,0,0,0,0,48,803,2480,5577,5244,88245,87921,10992,58259,52798,75889,130366,128781,115523,121287,112364,104129,93993,89979,86855,88278,92491,138364,122530,115171,99428,102483,68397,69061,72774,68791,72361,75940,75070,82191,84950,94042
LBY,Refugees (incl. refugee-like status),0,0,0,0,0,0,0,0,0,0,0,0,0,0,0,0,0,0,0,0,0,0,0,0,0,0,0,0,0,205,226,259,275,291,327,304,250,659,655,581,840,686,597,672,624,281,274,433,568,619,888,1456,1570,1713,1575,1573,1954,2084,2202,2309,4384,5251,3314,4203,6090,8796
LTU,Refugees (incl. refugee-like status),0,0,0,0,0,0,0,0,0,0,0,0,0,0,0,0,0,0,0,0,0,0,0,0,0,0,0,0,0,1,1,1,1,1,1,0,0,0,0,4,4,8,11,63,109,662,649,282,258,163,216,1371,1541,1476,1448,942,466,490,501,515,528,491,220,183,144,64
TUN,Refugees (incl. refugee-like status),0,0,0,0,0,0,0,0,0,0,0,0,0,0,0,0,0,0,0,0,0,0,0,0,0,0,0,0,0,2,2,2,5,6,6,6,6,7,9,42,63,86,104,212,333,406,698,932,1240,1207,1368,2543,2563,2516,3129,2844,2507,2349,2260,2174,1952,1935,1363,1485,1567,1667
#N/A,Refugees (incl. refugee-like status),0,0,0,0,0,0,0,0,0,0,0,0,0,0,0,0,0,0,0,0,0,0,0,0,0,0,0,0,0,8,29,32,32,1132,45534,42832,37032,36578,37195,38216,38059,34204,28591,27927,26139,23692,23334,7114,11814,6434,7161,14476,13861,13889,12287,11260,13170,14173,15866,16910,18172,19673,20202,27915,37416,48668
COL,Refugees (incl. refugee-like status),0,0,0,0,0,0,0,0,0,0,0,0,0,0,0,0,0,0,0,0,0,0,0,0,0,0,0,0,0,0,50,100,0,0,60,50,50,35,66,494,740,843,1042,1363,1902,2168,2377,3538,4413,9279,17938,30625,37995,47381,60450,72796,551744,373532,389753,395577,395949,394117,396717,360298,340127,311051
CAF,Refugees (incl. refugee-like status),0,0,0,0,0,0,0,0,0,0,0,0,0,0,0,0,0,0,0,0,0,0,0,0,0,0,0,0,0,0,0,15000,0,0,0,230,160,170,310,100,320,325,313,266,242,240,149,173,196,139,28704,25376,35400,31067,42890,71685,98104,125106,159554,164905,162862,164568,252867,412041,471105,490869
LBN,Refugees (incl. refugee-like status),0,0,0,0,0,0,0,0,0,0,0,0,0,0,0,0,0,0,0,0,0,0,0,0,0,0,0,0,0,0,0,12590,27270,30060,33140,630,0,439,2197,6993,8501,10257,10635,15654,13515,10890,10235,9786,7685,10215,8763,26320,24932,19865,18323,12252,13094,12967,16260,15869,15013,15106,3819,4273,4369,4709
PAK,Refugees (incl. refugee-like status),0,0,0,0,0,0,0,0,0,0,0,0,0,0,0,0,0,0,0,0,0,0,0,0,0,0,0,0,0,0,0,1,1,1,1,1,1,275,410,486,525,1086,1422,4430,5277,7502,5985,6864,8015,10133,12324,23163,24389,25952,29913,25639,31858,32403,35132,39982,35952,49785,48686,335961,297899,105376
JOR,Refugees (incl. refugee-like status),0,0,0,0,0,0,0,0,0,0,0,0,0,0,0,0,0,0,0,0,0,0,0,0,0,0,0,0,0,0,0,0,2,3,103,3,4,8,15,55,112,183,242,443,513,708,719,899,973,919,775,1287,1162,1170,1789,1603,1787,1890,2129,2254,2250,2368,1632,1718,1841,1889
MAR,Refugees (incl. refugee-like status),0,0,0,0,0,0,0,0,0,0,0,0,0,0,0,0,0,0,0,0,0,0,0,0,0,0,0,0,0,0,0,0,1,1,1,1,2,3,6,15,44,91,105,180,301,297,310,353,377,392,363,1269,1291,1318,2920,4710,4039,3533,2286,2284,2312,2407,1308,1539,1786,2230
SYC,Refugees (incl. refugee-like status),0,0,0,0,0,0,0,0,0,0,0,0,0,0,0,0,0,0,0,0,0,0,0,0,0,0,0,0,0,0,0,0,2,2,2,2,2,51,51,60,69,54,28,553,339,138,33,39,29,23,13,44,38,44,40,61,55,53,49,49,42,29,26,25,20,5
BFA,Refugees (incl. refugee-like status),0,0,0,0,0,0,0,0,0,0,0,0,0,0,0,0,0,0,0,0,0,0,0,0,0,0,0,0,0,0,0,0,0,50,90,110,50,0,2,2,8,61,63,67,63,72,118,103,106,130,98,978,853,577,607,377,558,725,990,1145,1271,1460,1584,1857,2148,2327
MRT,Refugees (incl. refugee-like status),0,0,0,0,0,0,0,0,0,0,0,0,0,0,0,0,0,0,0,0,0,0,0,0,0,0,0,0,0,0,0,0,0,1,1,1,1,2,48238,65999,79881,79594,67894,68043,84312,83234,70294,70224,29948,29752,29862,30137,30525,31112,31651,33428,33108,45601,39143,37733,39929,33765,34252,34113,34660,36228
TGO,Refugees (incl. refugee-like status),0,0,0,0,0,0,0,0,0,0,0,0,0,0,0,0,0,0,0,0,0,0,0,0,0,0,0,0,0,0,0,0,0,1,5,5,5,5,6,6,18,106,291060,167871,93155,25593,7187,3506,3692,4016,4354,10448,10614,10818,51107,27332,22502,16750,18378,18330,17871,15693,10319,9276,8785,8286
STP,Refugees (incl. refugee-like status),0,0,0,0,0,0,0,0,0,0,0,0,0,0,0,0,0,0,0,0,0,0,0,0,0,0,0,0,0,0,0,0,0,0,50,0,0,0,0,1,1,1,1,30,36,49,43,42,30,25,23,39,42,39,24,32,33,35,33,33,33,32,31,22,22,26
LKA,Refugees (incl. refugee-like status),0,0,0,0,0,0,0,0,0,0,0,0,0,0,0,0,0,0,0,0,0,0,0,0,0,0,0,0,0,0,0,0,0,0,160,315,219,3390,7692,208271,209349,128115,91845,114456,107589,109578,122287,114976,116709,124160,122420,133239,122010,114053,108139,116966,134952,137752,145721,141074,136617,132731,123084,122010,121443,117447
HND,Refugees (incl. refugee-like status),0,0,0,0,0,0,0,0,0,0,0,0,0,0,0,0,0,0,0,0,0,0,0,0,0,0,0,0,0,0,0,0,0,0,0,101,1,1,5,18,21,41,448,1214,1219,1259,1246,1101,1070,903,781,673,604,484,535,1035,1236,1116,1166,1302,1966,2613,3300,4159,6851,10479
BGD,Refugees (incl. refugee-like status),0,0,0,0,0,0,0,0,0,0,0,0,0,0,0,0,0,0,0,0,0,0,0,0,0,0,0,0,0,0,0,0,0,0,0,0,2,6,6,477,611,53921,57158,56199,56956,57959,44373,4658,4468,5401,5548,5808,5565,5731,7304,7803,10243,10098,10432,10049,10056,10161,9728,10883,12173,13810
#N/A,Refugees (incl. refugee-like status),0,0,0,0,0,0,0,0,0,0,0,0,0,0,0,0,0,0,0,0,0,0,0,0,0,0,0,0,0,0,0,0,0,0,0,0,1,1,1,2,13,34,41,98,201,268,360,537,562,773,858,23741,33637,23660,18338,26315,22232,22227,23153,41758,154824,100720,85652,71966,71115,46741
GMB,Refugees (incl. refugee-like status),0,0,0,0,0,0,0,0,0,0,0,0,0,0,0,0,0,0,0,0,0,0,0,0,0,0,0,0,0,0,0,0,0,0,0,0,0,1,1,4,15,24,26,30,161,310,421,570,677,750,734,861,746,684,1683,1254,1267,1352,1973,2242,2583,3076,3397,5136,8492,11569
GRD,Refugees (incl. refugee-like status),0,0,0,0,0,0,0,0,0,0,0,0,0,0,0,0,0,0,0,0,0,0,0,0,0,0,0,0,0,0,0,0,0,0,0,0,0,9,5,4,4,1,0,3,6,11,12,20,36,24,53,73,77,99,152,202,297,312,333,345,323,316,330,324,270,100
GUY,Refugees (incl. refugee-like status),0,0,0,0,0,0,0,0,0,0,0,0,0,0,0,0,0,0,0,0,0,0,0,0,0,0,0,0,0,0,0,0,0,0,0,0,0,2,2,2,1,2,4,71,62,55,38,41,49,36,36,49,78,194,406,537,677,708,727,749,771,801,800,700,511,269
IND,Refugees (incl. refugee-like status),0,0,0,0,0,0,0,0,0,0,0,0,0,0,0,0,0,0,0,0,0,0,0,0,0,0,0,0,0,0,0,0,0,0,0,0,0,8,13,198,408,1019,1492,3263,5011,7550,8924,9663,9845,11399,11571,14349,13706,13344,16285,17811,20466,19569,19514,17769,16232,14258,11041,10436,9881,7243
ISR,Refugees (incl. refugee-like status),0,0,0,0,0,0,0,0,0,0,0,0,0,0,0,0,0,0,0,0,0,0,0,0,0,0,0,0,0,0,0,0,0,0,0,0,0,4,4,16,28,40,118,887,937,1126,987,835,478,416,363,564,625,672,632,882,1541,1494,1310,1301,1335,1340,1041,979,802,467
LBR,Refugees (incl. refugee-like status),0,0,0,0,0,0,0,0,0,0,0,0,0,0,0,0,0,0,0,0,0,0,0,0,0,0,0,0,0,0,0,0,0,0,0,0,0,30,51,735689,673435,520915,704051,797835,744637,784008,493340,365398,294694,266930,244608,275422,353344,335470,231139,160548,91540,75213,71599,70129,66780,23428,17558,13572,9991,6513
MDV,Refugees (incl. refugee-like status),0,0,0,0,0,0,0,0,0,0,0,0,0,0,0,0,0,0,0,0,0,0,0,0,0,0,0,0,0,0,0,0,0,0,0,0,0,1,1,1,1,0,0,0,0,1,1,2,3,4,3,3,1,3,13,16,17,16,16,19,21,24,31,36,42,48
MLT,Refugees (incl. refugee-like status),0,0,0,0,0,0,0,0,0,0,0,0,0,0,0,0,0,0,0,0,0,0,0,0,0,0,0,0,0,0,0,0,0,0,0,0,0,1,1,1,1,1,0,7,13,18,14,17,22,16,7,8,7,3,5,28,9,9,9,6,6,6,6,5,1,0
PER,Refugees (incl. refugee-like status),0,0,0,0,0,0,0,0,0,0,0,0,0,0,0,0,0,0,0,0,0,0,0,0,0,0,0,0,0,0,0,0,0,0,0,0,0,4,28,256,475,727,1970,4332,5904,6696,6610,7066,7206,6944,6502,6430,5581,4769,4865,6986,7743,7339,6271,5834,5491,5212,4768,4343,3599,2589
SGP,Refugees (incl. refugee-like status),0,0,0,0,0,0,0,0,0,0,0,0,0,0,0,0,0,0,0,0,0,0,0,0,0,0,0,0,0,0,0,0,0,0,0,0,0,8,3,0,0,1,1,9,9,19,22,23,25,22,16,39,35,36,39,111,116,109,80,76,67,68,65,59,55,33
SLE,Refugees (incl. refugee-like status),0,0,0,0,0,0,0,0,0,0,0,0,0,0,0,0,0,0,0,0,0,0,0,0,0,0,0,0,0,0,0,0,0,0,0,0,0,8,9,9,142614,253592,311183,275302,379495,375104,329327,406077,490061,402807,179113,141475,70580,41801,40477,42862,32127,32536,15417,11275,8002,6202,5311,4993,4904,4628
SEN,Refugees (incl. refugee-like status),0,0,0,0,0,0,0,0,0,0,0,0,0,0,0,0,0,0,0,0,0,0,0,0,0,0,0,0,0,0,0,0,0,0,0,0,0,5,15006,60006,25138,15466,22601,25622,17592,17631,17163,9716,11606,11088,8559,12069,8351,8332,8671,15163,15896,16006,16305,16267,17722,18724,19822,23118,21280,23019
PAN,Refugees (incl. refugee-like status),0,0,0,0,0,0,0,0,0,0,0,0,0,0,0,0,0,0,0,0,0,0,0,0,0,0,0,0,0,0,0,0,0,0,0,0,0,47,365,629,640,652,677,486,160,149,122,85,72,67,37,44,30,40,42,75,109,111,105,100,100,107,105,89,69,33
CMR,Refugees (incl. refugee-like status),0,0,0,0,0,0,0,0,0,0,0,0,0,0,0,0,0,0,0,0,0,0,0,0,0,0,0,0,0,0,0,0,0,0,0,0,0,0,60,100,1,83,173,238,2017,2109,2258,1348,1654,2062,2724,5225,6206,7627,9101,10385,11508,13870,14766,14963,15163,13382,11427,10766,10586,10328
BWA,Refugees (incl. refugee-like status),0,0,0,0,0,0,0,0,0,0,0,0,0,0,0,0,0,0,0,0,0,0,0,0,0,0,0,0,0,0,0,0,0,0,0,0,0,0,3,3,3,3,4,21,25,23,17,16,10,3,2,5,5,6,4,11,16,26,30,53,85,127,168,237,308,265
COM,Refugees (incl. refugee-like status),0,0,0,0,0,0,0,0,0,0,0,0,0,0,0,0,0,0,0,0,0,0,0,0,0,0,0,0,0,0,0,0,0,0,0,0,0,0,5,4,2,2,2,5,10,13,10,33,31,28,26,43,58,50,61,72,96,378,268,368,422,454,513,581,551,557
THA,Refugees (incl. refugee-like status),0,0,0,0,0,0,0,0,0,0,0,0,0,0,0,0,0,0,0,0,0,0,0,0,0,0,0,0,0,0,0,0,0,0,0,0,0,0,2,20,30,35,36,137,211,284,272,295,318,217,94,344,296,319,424,3325,2325,1815,502,356,368,381,222,233,222,143
SUR,Refugees (incl. refugee-like status),0,0,0,0,0,0,0,0,0,0,0,0,0,0,0,0,0,0,0,0,0,0,0,0,0,0,0,0,0,0,0,0,0,0,0,0,0,0,6601,6620,5921,2545,893,915,817,754,663,491,411,334,237,103,70,51,29,66,63,50,45,25,20,15,17,17,19,16
BHR,Refugees (incl. refugee-like status),0,0,0,0,0,0,0,0,0,0,0,0,0,0,0,0,0,0,0,0,0,0,0,0,0,0,0,0,0,0,0,0,0,0,0,0,0,0,0,39,52,53,60,75,71,63,82,97,129,95,46,50,52,52,41,62,73,80,79,87,215,297,275,347,421,446
KWT,Refugees (incl. refugee-like status),0,0,0,0,0,0,0,0,0,0,0,0,0,0,0,0,0,0,0,0,0,0,0,0,0,0,0,0,0,0,0,0,0,0,0,0,0,0,0,44,47,74,89,756,762,854,825,830,992,692,701,709,616,398,381,617,746,854,938,988,1120,1197,977,981,1085,1008
DJI,Refugees (incl. refugee-like status),0,0,0,0,0,0,0,0,0,0,0,0,0,0,0,0,0,0,0,0,0,0,0,0,0,0,0,0,0,0,0,0,0,0,0,0,0,0,0,5,10,11,38,18068,18095,18101,8142,3219,1879,1910,452,471,522,495,504,485,648,650,622,566,602,640,762,879,1069,1417
ECU,Refugees (incl. refugee-like status),0,0,0,0,0,0,0,0,0,0,0,0,0,0,0,0,0,0,0,0,0,0,0,0,0,0,0,0,0,0,0,0,0,0,0,0,0,0,0,3,27,40,47,174,206,221,217,512,496,671,653,822,730,727,775,887,1332,1066,1027,852,909,844,707,804,1009,1021
GBR,Refugees (incl. refugee-like status),0,0,0,0,0,0,0,0,0,0,0,0,0,0,0,0,0,0,0,0,0,0,0,0,0,0,0,0,0,0,0,0,0,0,0,0,0,0,0,1,1,1,2,108,77,73,79,92,106,113,109,164,149,144,135,174,201,185,156,153,150,153,142,141,131,78
MLI,Refugees (incl. refugee-like status),0,0,0,0,0,0,0,0,0,0,0,0,0,0,0,0,0,0,0,0,0,0,0,0,0,0,0,0,0,0,0,0,0,0,0,0,0,0,0,1,14704,71189,98572,172905,77219,55198,18015,3702,387,364,311,531,461,483,520,594,4494,1758,2926,3663,4295,149943,152828,139267,154213,156390
MNG,Refugees (incl. refugee-like status),0,0,0,0,0,0,0,0,0,0,0,0,0,0,0,0,0,0,0,0,0,0,0,0,0,0,0,0,0,0,0,0,0,0,0,0,0,0,0,1,1,1,1,4,4,7,9,19,25,23,60,280,324,442,654,867,1101,1333,1495,1724,1985,2114,2059,2163,2199,2267
PRY,Refugees (incl. refugee-like status),0,0,0,0,0,0,0,0,0,0,0,0,0,0,0,0,0,0,0,0,0,0,0,0,0,0,0,0,0,0,0,0,0,0,0,0,0,0,0,19,8,9,14,63,51,44,20,21,18,19,8,31,32,37,44,105,102,101,77,86,91,101,95,94,91,63
TTO,Refugees (incl. refugee-like status),0,0,0,0,0,0,0,0,0,0,0,0,0,0,0,0,0,0,0,0,0,0,0,0,0,0,0,0,0,0,0,0,0,0,0,0,0,0,0,1,1,1,1,13,14,16,21,26,25,24,16,35,38,41,63,153,211,231,240,255,297,333,336,371,369,295
USA,Refugees (incl. refugee-like status),0,0,0,0,0,0,0,0,0,0,0,0,0,0,0,0,0,0,0,0,0,0,0,0,0,0,0,0,0,0,0,0,0,0,0,0,0,0,0,1,8,10,12,366,245,143,75,51,41,176,219,383,395,451,683,1356,2174,2137,2368,3026,3778,4456,4760,4987,4832,277
FJI,Refugees (incl. refugee-like status),0,0,0,0,0,0,0,0,0,0,0,0,0,0,0,0,0,0,0,0,0,0,0,0,0,0,0,0,0,0,0,0,0,0,0,0,0,0,0,1,1,19,89,156,222,305,326,301,328,401,731,1072,1087,1281,1379,1686,1828,1868,1892,1851,1579,1317,1112,924,883,791
CRI,Refugees (incl. refugee-like status),0,0,0,0,0,0,0,0,0,0,0,0,0,0,0,0,0,0,0,0,0,0,0,0,0,0,0,0,0,0,0,0,0,0,0,0,0,0,0,0,1,5,5,223,211,139,90,54,76,57,86,98,92,138,178,284,361,354,344,352,331,325,463,417,379,197
KOR,Refugees (incl. refugee-like status),0,0,0,0,0,0,0,0,0,0,0,0,0,0,0,0,0,0,0,0,0,0,0,0,0,0,0,0,0,0,0,0,0,0,0,0,0,0,0,0,5,5,7,17,30,42,48,65,75,73,83,245,237,272,268,1334,1188,1104,573,585,514,558,500,481,353,243
BTN,Refugees (incl. refugee-like status),0,0,0,0,0,0,0,0,0,0,0,0,0,0,0,0,0,0,0,0,0,0,0,0,0,0,0,0,0,0,0,0,0,0,0,0,0,0,0,0,9504,75442,85334,103271,104750,106822,108703,105689,107619,108945,110845,112523,103978,105255,106537,108073,110598,104965,89070,75070,57989,41590,31567,23642,17720,11732
CAN,Refugees (incl. refugee-like status),0,0,0,0,0,0,0,0,0,0,0,0,0,0,0,0,0,0,0,0,0,0,0,0,0,0,0,0,0,0,0,0,0,0,0,0,0,0,0,0,4,4,4,4,4,8,11,15,18,26,4,51,60,56,122,95,530,101,99,90,109,123,99,95,80,76
DEU,Refugees (incl. refugee-like status),0,0,0,0,0,0,0,0,0,0,0,0,0,0,0,0,0,0,0,0,0,0,0,0,0,0,0,0,0,0,0,0,0,0,0,0,0,0,0,0,4,4,8,449,386,420,443,688,1298,1183,1033,928,725,78,78,114,129,166,170,164,174,182,175,176,161,67
EST,Refugees (incl. refugee-like status),0,0,0,0,0,0,0,0,0,0,0,0,0,0,0,0,0,0,0,0,0,0,0,0,0,0,0,0,0,0,0,0,0,0,0,0,0,0,0,0,2,59,95,297,351,1310,1266,792,633,455,479,1060,1027,855,743,627,262,248,248,240,224,456,352,339,318,298
MDG,Refugees (incl. refugee-like status),0,0,0,0,0,0,0,0,0,0,0,0,0,0,0,0,0,0,0,0,0,0,0,0,0,0,0,0,0,0,0,0,0,0,0,0,0,0,0,0,1,1,1,3,79,79,76,66,54,54,40,53,88,135,203,260,284,277,274,270,289,301,296,281,286,277
MYS,Refugees (incl. refugee-like status),0,0,0,0,0,0,0,0,0,0,0,0,0,0,0,0,0,0,0,0,0,0,0,0,0,0,0,0,0,0,0,0,0,0,0,0,0,0,0,0,3,4,4,82,79,103,87,90,86,82,79,119,239,292,394,584,615,608,532,552,537,531,485,468,439,443
NER,Refugees (incl. refugee-like status),0,0,0,0,0,0,0,0,0,0,0,0,0,0,0,0,0,0,0,0,0,0,0,0,0,0,0,0,0,0,0,0,0,0,0,0,0,0,0,0,2,22008,22307,22024,10291,10361,2788,423,514,493,483,834,728,689,655,818,827,796,822,803,819,832,683,739,1390,1210
VEN,Refugees (incl. refugee-like status),0,0,0,0,0,0,0,0,0,0,0,0,0,0,0,0,0,0,0,0,0,0,0,0,0,0,0,0,0,0,0,0,0,0,0,0,0,0,0,0,1,4,135,371,476,557,608,570,556,471,466,526,598,1256,2590,3828,5094,5807,6221,6701,7577,8208,8395,8009,7454,7513
TJK,Refugees (incl. refugee-like status),0,0,0,0,0,0,0,0,0,0,0,0,0,0,0,0,0,0,0,0,0,0,0,0,0,0,0,0,0,0,0,0,0,0,0,0,0,0,0,0,0,60008,70108,57144,58956,107503,75878,56349,45167,59940,56108,63267,58936,56775,54753,645,894,544,562,577,612,674,662,725,794,910
AZE,Refugees (incl. refugee-like status),0,0,0,0,0,0,0,0,0,0,0,0,0,0,0,0,0,0,0,0,0,0,0,0,0,0,0,0,0,0,0,0,0,0,0,0,0,0,0,0,0,300000,328005,299095,200520,236086,234950,329657,311131,284277,268759,260214,253255,250589,233675,126068,15916,16319,16939,16753,16162,15537,10814,10515,9710,10087
KAZ,Refugees (incl. refugee-like status),0,0,0,0,0,0,0,0,0,0,0,0,0,0,0,0,0,0,0,0,0,0,0,0,0,0,0,0,0,0,0,0,0,0,0,0,0,0,0,0,0,1,2,27,139,40163,40774,20459,9057,2537,2803,6315,6559,6121,4316,7377,5235,4825,3744,3632,3500,3571,2123,2224,2267,2326
UKR,Refugees (incl. refugee-like status),0,0,0,0,0,0,0,0,0,0,0,0,0,0,0,0,0,0,0,0,0,0,0,0,0,0,0,0,0,0,0,0,0,0,0,0,0,0,0,0,0,38,134,915,1701,6107,6348,4596,12236,19312,26716,85265,94148,89587,84228,63723,25985,28424,24522,25111,25379,25256,5163,237625,321418,239048
BIH,Refugees (incl. refugee-like status),0,0,0,0,0,0,0,0,0,0,0,0,0,0,0,0,0,0,0,0,0,0,0,0,0,0,0,0,0,0,0,0,0,0,0,0,0,0,0,0,0,437501,618427,776084,769753,993868,849241,640075,598193,504981,447321,406448,300006,228807,109930,199946,78273,74366,70018,63004,58578,51822,26790,21888,18769,18179
GUF,Refugees (incl. refugee-like status),0,0,0,0,0,0,0,0,0,0,0,0,0,0,0,0,0,0,0,0,0,0,0,0,0,0,0,0,0,0,0,0,0,0,0,0,0,0,0,0,0,5,5,5,5,5,5,5,5,0,0,0,0,0,0,0,0,0,0,0,0,0,0,0,0,0
#N/A,Refugees (incl. refugee-like status),0,0,0,0,0,0,0,0,0,0,0,0,0,0,0,0,0,0,0,0,0,0,0,0,0,0,0,0,0,0,0,0,0,0,0,0,0,0,0,0,0,2,2,261,205,105,50,42,20,13,7,5,9,8,0,10,11,11,12,17,15,19,25,25,33,5
HRV,Refugees (incl. refugee-like status),0,0,0,0,0,0,0,0,0,0,0,0,0,0,0,0,0,0,0,0,0,0,0,0,0,0,0,0,0,0,0,0,0,0,0,0,0,0,0,0,0,168571,151688,76256,245572,310088,349307,338089,353725,335199,290279,274818,230189,215477,119148,93767,100423,97012,76478,65861,62649,62606,49756,40122,33451,26211
ITA,Refugees (incl. refugee-like status),0,0,0,0,0,0,0,0,0,0,0,0,0,0,0,0,0,0,0,0,0,0,0,0,0,0,0,0,0,0,0,0,0,0,0,0,0,0,0,0,0,1,3,146,121,112,112,79,52,48,34,224,207,192,217,105,90,62,45,50,58,66,66,67,70,44
NPL,Refugees (incl. refugee-like status),0,0,0,0,0,0,0,0,0,0,0,0,0,0,0,0,0,0,0,0,0,0,0,0,0,0,0,0,0,0,0,0,0,0,0,0,0,0,0,0,0,1,1,4,27,44,52,101,186,235,306,902,1231,1416,2065,2647,3364,4189,5108,5889,6854,7612,8110,8563,9063,8350
GAB,Refugees (incl. refugee-like status),0,0,0,0,0,0,0,0,0,0,0,0,0,0,0,0,0,0,0,0,0,0,0,0,0,0,0,0,0,0,0,0,0,0,0,0,0,0,0,0,0,17,18,22,25,24,19,28,26,26,27,37,39,53,81,95,116,129,144,165,173,183,176,172,177,152
LVA,Refugees (incl. refugee-like status),0,0,0,0,0,0,0,0,0,0,0,0,0,0,0,0,0,0,0,0,0,0,0,0,0,0,0,0,0,0,0,0,0,0,0,0,0,0,0,0,0,4,4,93,160,1958,1915,1013,907,491,619,3082,3177,2826,2430,1424,662,763,791,713,709,662,233,213,193,165
AFG,Internally displaced persons,0,0,0,0,0,0,0,0,0,0,0,0,0,0,0,0,0,0,0,0,0,0,0,0,0,0,0,0,0,0,0,0,0,0,0,0,0,0,0,0,0,0,15000,332200,159600,273840,296795,315800,258625,758625,1200000,665156,184269,159549,142505,129310,153718,230670,297129,351907,447547,486298,631286,805409,1174306,1797551
AGO,Internally displaced persons,0,0,0,0,0,0,0,0,0,0,0,0,0,0,0,0,0,0,0,0,0,0,0,0,0,0,0,0,0,0,0,0,0,0,0,0,0,0,0,0,0,0,88000,303800,0,0,0,0,0,257508,202000,188728,0,0,0,0,0,0,0,0,0,0,0,0,0,0
ARM,Internally displaced persons,0,0,0,0,0,0,0,0,0,0,0,0,0,0,0,0,0,0,0,0,0,0,0,0,0,0,0,0,0,0,0,0,0,0,0,0,0,0,0,0,0,0,77000,72000,72000,72000,72000,0,0,0,0,0,0,0,0,0,0,0,0,0,0,0,0,0,0,0
GEO,Refugees (incl. refugee-like status),0,0,0,0,0,0,0,0,0,0,0,0,0,0,0,0,0,0,0,0,0,0,0,0,0,0,0,0,0,0,0,0,0,0,0,0,0,0,0,0,0,0,6012,5117,308,48489,47164,35669,29878,21821,17498,16975,12497,6626,7301,6340,11810,12598,15020,10640,10112,9261,6778,6681,6493,6365
AZE,Internally displaced persons,0,0,0,0,0,0,0,0,0,0,0,0,0,0,0,0,0,0,0,0,0,0,0,0,0,0,0,0,0,0,0,0,0,0,0,0,0,0,0,0,0,0,778000,663100,622100,549030,551077,576321,569550,572451,572955,577179,575609,578545,578545,686586,686586,603251,586013,592860,599192,600336,609029,622892,618220,613129
MDA,Refugees (incl. refugee-like status),0,0,0,0,0,0,0,0,0,0,0,0,0,0,0,0,0,0,0,0,0,0,0,0,0,0,0,0,0,0,0,0,0,0,0,0,0,0,0,0,0,0,6,458,529,5829,5141,2754,2407,2657,3737,10130,11146,11938,12064,11680,4918,5555,5925,6200,6264,6148,2207,2233,2289,2291
BIH,Internally displaced persons,0,0,0,0,0,0,0,0,0,0,0,0,0,0,0,0,0,0,0,0,0,0,0,0,0,0,0,0,0,0,0,0,0,0,0,0,0,0,0,0,0,0,1290000,1282600,1097800,760146,816000,836430,809545,518252,438253,367491,327188,309240,182747,135500,130984,124529,113642,113365,113000,103449,84500,84500,98324,98324
CYP,Internally displaced persons,0,0,0,0,0,0,0,0,0,0,0,0,0,0,0,0,0,0,0,0,0,0,0,0,0,0,0,0,0,0,0,0,0,0,0,0,0,0,0,0,0,0,265000,265000,265000,265000,265000,265000,0,0,0,0,0,0,0,0,0,0,0,0,0,0,0,0,0,0
KGZ,Refugees (incl. refugee-like status),0,0,0,0,0,0,0,0,0,0,0,0,0,0,0,0,0,0,0,0,0,0,0,0,0,0,0,0,0,0,0,0,0,0,0,0,0,0,0,0,0,0,1,14,22,17118,16320,7449,4003,748,685,2950,3141,3284,3122,2488,2254,2517,2612,2744,3162,3489,2301,2451,2502,2546
#N/A,Refugees (incl. refugee-like status),0,0,0,0,0,0,0,0,0,0,0,0,0,0,0,0,0,0,0,0,0,0,0,0,0,0,0,0,0,0,0,0,0,0,0,0,0,0,0,0,0,0,1897,347,12883,13041,12747,1939,2089,2176,12197,8107,5982,5104,8600,7940,8077,7521,7926,7889,7684,7589,1628,1759,1777,1705
GEO,Internally displaced persons,0,0,0,0,0,0,0,0,0,0,0,0,0,0,0,0,0,0,0,0,0,0,0,0,0,0,0,0,0,0,0,0,0,0,0,0,0,0,0,0,0,0,260000,280000,272400,272359,273386,277006,278533,272101,264221,261583,260215,237069,234249,245980,273193,329870,352640,359716,273997,279778,257611,262704,268416,273765
SAU,Refugees (incl. refugee-like status),0,0,0,0,0,0,0,0,0,0,0,0,0,0,0,0,0,0,0,0,0,0,0,0,0,0,0,0,0,0,0,0,0,0,0,0,0,0,0,0,0,0,7,183,260,242,358,362,233,77,35,109,236,214,151,617,753,712,633,667,745,818,584,630,701,897
HRV,Internally displaced persons,0,0,0,0,0,0,0,0,0,0,0,0,0,0,0,0,0,0,0,0,0,0,0,0,0,0,0,0,0,0,0,0,0,0,0,0,0,0,0,0,0,0,344000,307000,198200,144147,79441,71704,52390,34134,23402,17100,12566,7540,4804,3975,2873,2497,2285,2125,0,0,0,0,0,0
LKA,Internally displaced persons,0,0,0,0,0,0,0,0,0,0,0,0,0,0,0,0,0,0,0,0,0,0,0,0,0,0,0,0,0,0,0,0,0,0,0,0,0,0,0,0,0,0,29400,9090,200000,200000,200000,603025,612518,706514,731838,462826,386104,351884,324699,469165,459567,504800,434900,273772,138401,93482,42191,30847,44934,39730
SLE,Internally displaced persons,0,0,0,0,0,0,0,0,0,0,0,0,0,0,0,0,0,0,0,0,0,0,0,0,0,0,0,0,0,0,0,0,0,0,0,0,0,0,0,0,0,0,532000,782000,654600,654600,670000,670000,500000,300000,0,0,0,0,0,0,0,0,0,0,0,0,0,0,0,0
SVN,Refugees (incl. refugee-like status),0,0,0,0,0,0,0,0,0,0,0,0,0,0,0,0,0,0,0,0,0,0,0,0,0,0,0,0,0,0,0,0,0,0,0,0,0,0,0,0,0,0,28429,14829,12860,3368,3414,3302,3295,3284,765,858,610,582,155,1760,52,52,39,38,32,34,28,26,23,15
BLR,Refugees (incl. refugee-like status),0,0,0,0,0,0,0,0,0,0,0,0,0,0,0,0,0,0,0,0,0,0,0,0,0,0,0,0,0,0,0,0,0,0,0,0,0,0,0,0,0,0,2,37,84,501,303,290,1507,2519,3696,6364,7815,8231,8857,9371,4970,5384,5525,5743,5925,6191,4397,4300,4125,3824
UZB,Refugees (incl. refugee-like status),0,0,0,0,0,0,0,0,0,0,0,0,0,0,0,0,0,0,0,0,0,0,0,0,0,0,0,0,0,0,0,0,0,0,0,0,0,0,0,0,0,0,2,29060,143,69747,69069,51729,45533,3628,3458,6881,7391,7290,8323,9101,5663,6308,6669,8840,12664,11593,4952,4795,4206,3809
TJK,Internally displaced persons,0,0,0,0,0,0,0,0,0,0,0,0,0,0,0,0,0,0,0,0,0,0,0,0,0,0,0,0,0,0,0,0,0,0,0,0,0,0,0,0,0,0,520000,16000,16700,25285,0,0,0,0,0,0,0,0,0,0,0,0,0,0,0,0,0,0,0,0
JAM,Refugees (incl. refugee-like status),0,0,0,0,0,0,0,0,0,0,0,0,0,0,0,0,0,0,0,0,0,0,0,0,0,0,0,0,0,0,0,0,0,0,0,0,0,0,0,0,0,0,3,7,10,18,21,27,33,37,37,147,259,350,489,660,766,826,909,1057,1250,1407,1503,1692,1868,1988
SWZ,Refugees (incl. refugee-like status),0,0,0,0,0,0,0,0,0,0,0,0,0,0,0,0,0,0,0,0,0,0,0,0,0,0,0,0,0,0,0,0,0,0,0,0,0,0,0,0,0,0,1,13,15,17,20,30,28,16,15,19,5,14,13,22,25,32,32,36,43,65,109,161,220,219
BDI,Internally displaced persons,0,0,0,0,0,0,0,0,0,0,0,0,0,0,0,0,0,0,0,0,0,0,0,0,0,0,0,0,0,0,0,0,0,0,0,0,0,0,0,0,0,0,0,89900,216400,882900,586083,100000,50000,56000,20000,100000,1970,855,11500,13850,0,100000,100000,157167,78796,78948,78948,78948,25000,141221
AND,Refugees (incl. refugee-like status),0,0,0,0,0,0,0,0,0,0,0,0,0,0,0,0,0,0,0,0,0,0,0,0,0,0,0,0,0,0,0,0,0,0,0,0,0,0,0,0,0,0,0,2,2,3,1,2,3,2,1,10,10,3,9,10,9,6,6,6,6,7,5,7,5,0
AUS,Refugees (incl. refugee-like status),0,0,0,0,0,0,0,0,0,0,0,0,0,0,0,0,0,0,0,0,0,0,0,0,0,0,0,0,0,0,0,0,0,0,0,0,0,0,0,0,0,0,0,2,1,1,2,1,3,3,1,10,15,13,44,29,63,43,28,37,39,48,28,25,20,0
AUT,Refugees (incl. refugee-like status),0,0,0,0,0,0,0,0,0,0,0,0,0,0,0,0,0,0,0,0,0,0,0,0,0,0,0,0,0,0,0,0,0,0,0,0,0,0,0,0,0,0,0,60,49,52,55,60,48,35,29,72,66,47,66,34,23,14,12,10,11,12,10,10,4,0
BEL,Refugees (incl. refugee-like status),0,0,0,0,0,0,0,0,0,0,0,0,0,0,0,0,0,0,0,0,0,0,0,0,0,0,0,0,0,0,0,0,0,0,0,0,0,0,0,0,0,0,0,2,3,5,10,14,16,19,13,27,40,45,95,64,60,61,71,83,90,93,78,75,65,44
BLZ,Refugees (incl. refugee-like status),0,0,0,0,0,0,0,0,0,0,0,0,0,0,0,0,0,0,0,0,0,0,0,0,0,0,0,0,0,0,0,0,0,0,0,0,0,0,0,0,0,0,0,8,8,3,0,0,11,12,0,1,10,9,8,18,17,20,17,23,32,39,40,45,51,53
BRB,Refugees (incl. refugee-like status),0,0,0,0,0,0,0,0,0,0,0,0,0,0,0,0,0,0,0,0,0,0,0,0,0,0,0,0,0,0,0,0,0,0,0,0,0,0,0,0,0,0,0,4,3,2,3,5,4,8,7,9,11,7,8,28,38,34,29,32,45,55,67,86,99,144
CHE,Refugees (incl. refugee-like status),0,0,0,0,0,0,0,0,0,0,0,0,0,0,0,0,0,0,0,0,0,0,0,0,0,0,0,0,0,0,0,0,0,0,0,0,0,0,0,0,0,0,0,8,27,33,55,77,91,70,61,56,35,12,16,36,31,32,18,19,20,17,15,19,17,0
DNK,Refugees (incl. refugee-like status),0,0,0,0,0,0,0,0,0,0,0,0,0,0,0,0,0,0,0,0,0,0,0,0,0,0,0,0,0,0,0,0,0,0,0,0,0,0,0,0,0,0,0,11,18,34,33,28,25,25,3,8,10,10,12,12,14,11,10,9,9,9,10,12,9,0
FRA,Refugees (incl. refugee-like status),0,0,0,0,0,0,0,0,0,0,0,0,0,0,0,0,0,0,0,0,0,0,0,0,0,0,0,0,0,0,0,0,0,0,0,0,0,0,0,0,0,0,0,20,15,44,61,64,63,78,44,90,110,110,286,82,101,101,87,92,99,100,98,93,94,45
IRL,Refugees (incl. refugee-like status),0,0,0,0,0,0,0,0,0,0,0,0,0,0,0,0,0,0,0,0,0,0,0,0,0,0,0,0,0,0,0,0,0,0,0,0,0,0,0,0,0,0,0,3,2,2,1,0,0,3,3,7,6,3,21,4,10,7,7,8,8,9,9,10,9,0
JPN,Refugees (incl. refugee-like status),0,0,0,0,0,0,0,0,0,0,0,0,0,0,0,0,0,0,0,0,0,0,0,0,0,0,0,0,0,0,0,0,0,0,0,0,0,0,0,0,0,0,0,7,3,2,2,3,3,5,5,19,19,21,13,168,521,185,150,152,176,172,157,262,145,53
MEX,Refugees (incl. refugee-like status),0,0,0,0,0,0,0,0,0,0,0,0,0,0,0,0,0,0,0,0,0,0,0,0,0,0,0,0,0,0,0,0,0,0,0,0,0,0,0,0,0,0,0,248,361,520,665,1016,1359,1291,1594,1670,1652,1744,2313,3304,5572,6162,6435,6816,7472,8435,9390,10666,11333,10367
MUS,Refugees (incl. refugee-like status),0,0,0,0,0,0,0,0,0,0,0,0,0,0,0,0,0,0,0,0,0,0,0,0,0,0,0,0,0,0,0,0,0,0,0,0,0,0,0,0,0,0,0,1,13,13,3,15,8,35,35,43,61,19,27,80,71,24,23,28,42,62,81,94,103,101
NLD,Refugees (incl. refugee-like status),0,0,0,0,0,0,0,0,0,0,0,0,0,0,0,0,0,0,0,0,0,0,0,0,0,0,0,0,0,0,0,0,0,0,0,0,0,0,0,0,0,0,0,75,85,96,77,57,29,15,4,30,44,48,159,39,43,46,44,53,64,71,64,68,69,27
NOR,Refugees (incl. refugee-like status),0,0,0,0,0,0,0,0,0,0,0,0,0,0,0,0,0,0,0,0,0,0,0,0,0,0,0,0,0,0,0,0,0,0,0,0,0,0,0,0,0,0,0,2,1,1,3,4,4,4,3,5,6,5,15,4,3,4,4,7,7,9,13,13,12,0
OMN,Refugees (incl. refugee-like status),0,0,0,0,0,0,0,0,0,0,0,0,0,0,0,0,0,0,0,0,0,0,0,0,0,0,0,0,0,0,0,0,0,0,0,0,0,0,0,0,0,0,0,3,10,10,10,11,11,5,5,19,11,18,12,38,43,56,64,63,60,65,26,29,37,20
PRI,Refugees (incl. refugee-like status),0,0,0,0,0,0,0,0,0,0,0,0,0,0,0,0,0,0,0,0,0,0,0,0,0,0,0,0,0,0,0,0,0,0,0,0,0,0,0,0,0,0,0,12,12,12,0,0,0,0,0,0,0,0,0,0,0,0,0,0,0,0,0,0,0,0
PRK,Refugees (incl. refugee-like status),0,0,0,0,0,0,0,0,0,0,0,0,0,0,0,0,0,0,0,0,0,0,0,0,0,0,0,0,0,0,0,0,0,0,0,0,0,0,0,0,0,0,0,3,7,11,1,9,13,13,19,259,304,343,288,398,605,886,881,917,1052,1132,1167,1282,1101,1409
PRT,Refugees (incl. refugee-like status),0,0,0,0,0,0,0,0,0,0,0,0,0,0,0,0,0,0,0,0,0,0,0,0,0,0,0,0,0,0,0,0,0,0,0,0,0,0,0,0,0,0,0,25,25,217,213,18,15,23,17,62,55,47,74,25,32,36,31,30,28,32,32,31,28,5
QAT,Refugees (incl. refugee-like status),0,0,0,0,0,0,0,0,0,0,0,0,0,0,0,0,0,0,0,0,0,0,0,0,0,0,0,0,0,0,0,0,0,0,0,0,0,0,0,0,0,0,0,49,30,18,19,23,8,1,0,8,13,10,11,52,62,71,68,112,95,124,17,21,20,20
SVK,Refugees (incl. refugee-like status),0,0,0,0,0,0,0,0,0,0,0,0,0,0,0,0,0,0,0,0,0,0,0,0,0,0,0,0,0,0,0,0,0,0,0,0,0,0,0,0,0,0,0,12,26,57,70,143,178,220,191,595,667,619,791,741,342,331,334,158,269,239,323,319,326,792
SWE,Refugees (incl. refugee-like status),0,0,0,0,0,0,0,0,0,0,0,0,0,0,0,0,0,0,0,0,0,0,0,0,0,0,0,0,0,0,0,0,0,0,0,0,0,0,0,0,0,0,0,11,25,38,40,41,31,18,5,28,32,29,75,16,16,15,19,25,24,20,16,18,16,8
VCT,Refugees (incl. refugee-like status),0,0,0,0,0,0,0,0,0,0,0,0,0,0,0,0,0,0,0,0,0,0,0,0,0,0,0,0,0,0,0,0,0,0,0,0,0,0,0,0,0,0,0,7,7,13,13,24,36,48,67,81,105,181,279,387,646,750,849,946,1127,1316,1535,1736,1823,1330
WSM,Refugees (incl. refugee-like status),0,0,0,0,0,0,0,0,0,0,0,0,0,0,0,0,0,0,0,0,0,0,0,0,0,0,0,0,0,0,0,0,0,0,0,0,0,0,0,0,0,0,0,1,0,0,1,1,1,1,1,0,0,0,0,3,2,4,0,1,1,1,1,1,1,0
GHA,Internally displaced persons,0,0,0,0,0,0,0,0,0,0,0,0,0,0,0,0,0,0,0,0,0,0,0,0,0,0,0,0,0,0,0,0,0,0,0,0,0,0,0,0,0,0,0,174400,0,0,0,0,0,0,0,0,0,0,0,0,0,0,0,0,0,0,0,0,0,0
GTM,Internally displaced persons,0,0,0,0,0,0,0,0,0,0,0,0,0,0,0,0,0,0,0,0,0,0,0,0,0,0,0,0,0,0,0,0,0,0,0,0,0,0,0,0,0,0,0,8000,13700,11200,1650,0,0,0,0,0,0,0,0,0,0,0,0,0,0,0,0,0,0,0
KHM,Internally displaced persons,0,0,0,0,0,0,0,0,0,0,0,0,0,0,0,0,0,0,0,0,0,0,0,0,0,0,0,0,0,0,0,0,0,0,0,0,0,0,0,0,0,0,0,124100,49700,29406,0,0,0,0,0,0,0,0,0,0,0,0,0,0,0,0,0,0,0,0
LBR,Internally displaced persons,0,0,0,0,0,0,0,0,0,0,0,0,0,0,0,0,0,0,0,0,0,0,0,0,0,0,0,0,0,0,0,0,0,0,0,0,0,0,0,0,0,0,0,220000,320000,320000,166000,128292,90584,110686,196116,304115,531616,498566,237822,0,0,0,0,0,0,0,0,0,0,0
MLI,Internally displaced persons,0,0,0,0,0,0,0,0,0,0,0,0,0,0,0,0,0,0,0,0,0,0,0,0,0,0,0,0,0,0,0,0,0,0,0,0,0,0,0,0,0,0,0,3000,0,0,0,0,0,0,0,0,0,0,0,0,0,0,0,0,0,227930,254822,99816,61920,36690
RUS,Internally displaced persons,0,0,0,0,0,0,0,0,0,0,0,0,0,0,0,0,0,0,0,0,0,0,0,0,0,0,0,0,0,0,0,0,0,0,0,0,0,0,0,0,0,0,0,90800,128000,161312,337000,171871,498354,490650,443288,371195,368220,334796,170544,158905,189274,91505,79950,75371,28450,0,0,0,0,0
RWA,Internally displaced persons,0,0,0,0,0,0,0,0,0,0,0,0,0,0,0,0,0,0,0,0,0,0,0,0,0,0,0,0,0,0,0,0,0,0,0,0,0,0,0,0,0,0,0,300000,0,0,21877,625000,0,0,0,0,0,0,0,0,0,0,0,0,0,0,0,0,0,0
TKM,Refugees (incl. refugee-like status),0,0,0,0,0,0,0,0,0,0,0,0,0,0,0,0,0,0,0,0,0,0,0,0,0,0,0,0,0,0,0,0,0,0,0,0,0,0,0,0,0,0,0,7,47,2937,3181,1562,1051,300,310,801,840,812,820,692,678,736,743,738,726,723,519,484,455,346
FIN,Refugees (incl. refugee-like status),0,0,0,0,0,0,0,0,0,0,0,0,0,0,0,0,0,0,0,0,0,0,0,0,0,0,0,0,0,0,0,0,0,0,0,0,0,0,0,0,0,0,0,0,1,1,2,6,6,5,2,9,7,3,5,6,4,4,6,6,7,7,7,7,8,0
LCA,Refugees (incl. refugee-like status),0,0,0,0,0,0,0,0,0,0,0,0,0,0,0,0,0,0,0,0,0,0,0,0,0,0,0,0,0,0,0,0,0,0,0,0,0,0,0,0,0,0,0,0,2,2,3,5,9,11,9,10,16,34,99,163,227,288,314,334,433,566,710,922,1011,993
MTQ,Refugees (incl. refugee-like status),0,0,0,0,0,0,0,0,0,0,0,0,0,0,0,0,0,0,0,0,0,0,0,0,0,0,0,0,0,0,0,0,0,0,0,0,0,0,0,0,0,0,0,0,1,1,1,0,0,0,0,0,0,0,0,0,0,0,0,0,0,0,0,0,0,0
SLB,Refugees (incl. refugee-like status),0,0,0,0,0,0,0,0,0,0,0,0,0,0,0,0,0,0,0,0,0,0,0,0,0,0,0,0,0,0,0,0,0,0,0,0,0,0,0,0,0,0,0,0,34,34,34,34,34,34,42,54,60,61,27,38,48,52,66,75,72,61,61,70,71,66
TUV,Refugees (incl. refugee-like status),0,0,0,0,0,0,0,0,0,0,0,0,0,0,0,0,0,0,0,0,0,0,0,0,0,0,0,0,0,0,0,0,0,0,0,0,0,0,0,0,0,0,0,0,3,3,3,3,3,3,3,3,3,3,0,3,2,2,0,0,1,1,2,2,2,0
PNG,Refugees (incl. refugee-like status),0,0,0,0,0,0,0,0,0,0,0,0,0,0,0,0,0,0,0,0,0,0,0,0,0,0,0,0,0,0,0,0,0,0,0,0,0,0,0,0,0,0,0,0,2000,2008,808,220,9,8,8,16,18,18,23,31,36,46,70,89,128,174,221,288,339,391
BRN,Refugees (incl. refugee-like status),0,0,0,0,0,0,0,0,0,0,0,0,0,0,0,0,0,0,0,0,0,0,0,0,0,0,0,0,0,0,0,0,0,0,0,0,0,0,0,0,0,0,0,0,3,0,0,0,0,0,0,2,1,1,49,2,2,1,1,1,1,1,1,1,0,0
#N/A,Internally displaced persons,0,0,0,0,0,0,0,0,0,0,0,0,0,0,0,0,0,0,0,0,0,0,0,0,0,0,0,0,0,0,0,0,0,0,0,0,0,0,0,0,0,0,0,0,490,487,470,225000,234900,267500,263600,261826,251833,248154,246391,227590,226350,225879,224881,228442,228215,227821,227495,223139,220002,219633
TON,Refugees (incl. refugee-like status),0,0,0,0,0,0,0,0,0,0,0,0,0,0,0,0,0,0,0,0,0,0,0,0,0,0,0,0,0,0,0,0,0,0,0,0,0,0,0,0,0,0,0,0,0,3,3,2,2,3,1,8,12,5,4,6,5,7,5,6,10,13,18,22,24,25
ISL,Refugees (incl. refugee-like status),0,0,0,0,0,0,0,0,0,0,0,0,0,0,0,0,0,0,0,0,0,0,0,0,0,0,0,0,0,0,0,0,0,0,0,0,0,0,0,0,0,0,0,0,0,4,5,5,5,5,0,13,12,10,7,31,7,7,4,4,3,3,2,1,0,0
IRQ,Internally displaced persons,0,0,0,0,0,0,0,0,0,0,0,0,0,0,0,0,0,0,0,0,0,0,0,0,0,0,0,0,0,0,0,0,0,0,0,0,0,0,0,0,0,0,0,0,0,32000,35055,0,0,0,0,0,0,0,1200000,1834368,2385865,2647251,1552003,1343568,1332382,1131810,954128,3596356,4403287,3604285
SOM,Internally displaced persons,0,0,0,0,0,0,0,0,0,0,0,0,0,0,0,0,0,0,0,0,0,0,0,0,0,0,0,0,0,0,0,0,0,0,0,0,0,0,0,0,0,0,0,0,0,200000,200000,1603,0,18000,0,0,0,0,400000,400000,1000000,1277200,1550000,1463780,1356845,1132963,1133000,1133000,1133000,1562554
DMA,Refugees (incl. refugee-like status),0,0,0,0,0,0,0,0,0,0,0,0,0,0,0,0,0,0,0,0,0,0,0,0,0,0,0,0,0,0,0,0,0,0,0,0,0,0,0,0,0,0,0,0,0,1,1,1,3,2,5,6,17,25,30,49,58,56,53,52,52,54,43,38,38,20
#N/A,Refugees (incl. refugee-like status),0,0,0,0,0,0,0,0,0,0,0,0,0,0,0,0,0,0,0,0,0,0,0,0,0,0,0,0,0,0,0,0,0,0,0,0,0,0,0,0,0,0,0,0,0,1,1,1,1,6,8,15,15,20,9,9,9,9,9,10,10,1,1,5,5,0
MCO,Refugees (incl. refugee-like status),0,0,0,0,0,0,0,0,0,0,0,0,0,0,0,0,0,0,0,0,0,0,0,0,0,0,0,0,0,0,0,0,0,0,0,0,0,0,0,0,0,0,0,0,0,1,1,1,1,1,0,1,1,0,0,0,0,0,1,2,4,4,3,3,3,0
ARE,Refugees (incl. refugee-like status),0,0,0,0,0,0,0,0,0,0,0,0,0,0,0,0,0,0,0,0,0,0,0,0,0,0,0,0,0,0,0,0,0,0,0,0,0,0,0,0,0,0,0,0,0,0,4,7,7,15,18,31,20,71,30,265,308,256,414,424,486,584,90,90,99,103
ATG,Refugees (incl. refugee-like status),0,0,0,0,0,0,0,0,0,0,0,0,0,0,0,0,0,0,0,0,0,0,0,0,0,0,0,0,0,0,0,0,0,0,0,0,0,0,0,0,0,0,0,0,0,0,1,2,2,1,4,5,5,13,13,19,25,26,28,30,32,45,49,53,56,77
MDA,Internally displaced persons,0,0,0,0,0,0,0,0,0,0,0,0,0,0,0,0,0,0,0,0,0,0,0,0,0,0,0,0,0,0,0,0,0,0,0,0,0,0,0,0,0,0,0,0,0,0,1278,1278,8080,8080,1000,1000,0,0,0,0,0,0,0,0,0,0,0,0,0,0
SMR,Refugees (incl. refugee-like status),0,0,0,0,0,0,0,0,0,0,0,0,0,0,0,0,0,0,0,0,0,0,0,0,0,0,0,0,0,0,0,0,0,0,0,0,0,0,0,0,0,0,0,0,0,0,2,4,4,4,0,3,1,1,1,2,2,1,1,2,1,1,1,1,1,0
BMU,Refugees (incl. refugee-like status),0,0,0,0,0,0,0,0,0,0,0,0,0,0,0,0,0,0,0,0,0,0,0,0,0,0,0,0,0,0,0,0,0,0,0,0,0,0,0,0,0,0,0,0,0,0,0,1,1,1,1,1,0,0,2,0,0,0,0,0,0,0,0,0,0,0
GNB,Internally displaced persons,0,0,0,0,0,0,0,0,0,0,0,0,0,0,0,0,0,0,0,0,0,0,0,0,0,0,0,0,0,0,0,0,0,0,0,0,0,0,0,0,0,0,0,0,0,0,0,195550,0,0,0,0,0,0,0,0,0,0,0,0,0,0,0,0,0,0
BHS,Refugees (incl. refugee-like status),0,0,0,0,0,0,0,0,0,0,0,0,0,0,0,0,0,0,0,0,0,0,0,0,0,0,0,0,0,0,0,0,0,0,0,0,0,0,0,0,0,0,0,0,0,0,0,1,1,1,0,1,1,1,1,14,14,15,15,17,185,196,210,215,215,293
TLS,Refugees (incl. refugee-like status),0,0,0,0,0,0,0,0,0,0,0,0,0,0,0,0,0,0,0,0,0,0,0,0,0,0,0,0,0,0,0,0,0,0,0,0,0,0,0,0,0,0,0,0,0,0,0,0,162472,122202,73042,28097,127,221,251,251,6,7,7,8,8,9,10,13,20,14
KGZ,Internally displaced persons,0,0,0,0,0,0,0,0,0,0,0,0,0,0,0,0,0,0,0,0,0,0,0,0,0,0,0,0,0,0,0,0,0,0,0,0,0,0,0,0,0,0,0,0,0,0,0,0,5569,0,0,0,0,0,0,0,0,0,0,80000,163900,168600,0,0,0,0
NRU,Refugees (incl. refugee-like status),0,0,0,0,0,0,0,0,0,0,0,0,0,0,0,0,0,0,0,0,0,0,0,0,0,0,0,0,0,0,0,0,0,0,0,0,0,0,0,0,0,0,0,0,0,0,0,0,3,3,0,0,3,0,0,3,3,3,0,0,0,0,0,0,0,0
COD,Internally displaced persons,0,0,0,0,0,0,0,0,0,0,0,0,0,0,0,0,0,0,0,0,0,0,0,0,0,0,0,0,0,0,0,0,0,0,0,0,0,0,0,0,0,0,0,0,0,0,0,0,0,3000,3458,9000,0,0,0,1075297,1317879,1460102,2052677,1721382,1709278,2669069,2963799,2756585,1555112,2232900
COL,Internally displaced persons,0,0,0,0,0,0,0,0,0,0,0,0,0,0,0,0,0,0,0,0,0,0,0,0,0,0,0,0,0,0,0,0,0,0,0,0,0,0,0,0,0,0,0,0,0,0,0,0,0,525000,720000,950000,1244072,2000000,2000000,3000000,3000000,3000000,3303979,3672054,3888309,3943509,5368138,6044151,6939067,7410816
ERI,Internally displaced persons,0,0,0,0,0,0,0,0,0,0,0,0,0,0,0,0,0,0,0,0,0,0,0,0,0,0,0,0,0,0,0,0,0,0,0,0,0,0,0,0,0,0,0,0,0,0,0,0,0,1100000,0,0,0,0,0,0,0,0,0,0,0,0,0,0,0,0
#N/A,Internally displaced persons,0,0,0,0,0,0,0,0,0,0,0,0,0,0,0,0,0,0,0,0,0,0,0,0,0,0,0,0,0,0,0,0,0,0,0,0,0,0,0,0,0,0,0,0,0,0,0,0,0,0,16371,9442,0,0,0,0,0,0,0,0,0,0,0,0,0,0
#N/A,Internally displaced persons,0,0,0,0,0,0,0,0,0,0,0,0,0,0,0,0,0,0,0,0,0,0,0,0,0,0,0,0,0,0,0,0,0,0,0,0,0,0,0,0,0,0,0,0,0,0,0,0,0,0,0,100000,38039,38039,38039,709228,709048,683956,519140,514515,126668,45000,24000,24000,308272,0
KIR,Refugees (incl. refugee-like status),0,0,0,0,0,0,0,0,0,0,0,0,0,0,0,0,0,0,0,0,0,0,0,0,0,0,0,0,0,0,0,0,0,0,0,0,0,0,0,0,0,0,0,0,0,0,0,0,0,0,0,3,16,32,33,41,38,38,33,33,33,33,20,3,2,0
NZL,Refugees (incl. refugee-like status),0,0,0,0,0,0,0,0,0,0,0,0,0,0,0,0,0,0,0,0,0,0,0,0,0,0,0,0,0,0,0,0,0,0,0,0,0,0,0,0,0,0,0,0,0,0,0,0,0,0,0,2,1,3,4,8,13,10,10,15,18,20,17,17,19,25
KNA,Refugees (incl. refugee-like status),0,0,0,0,0,0,0,0,0,0,0,0,0,0,0,0,0,0,0,0,0,0,0,0,0,0,0,0,0,0,0,0,0,0,0,0,0,0,0,0,0,0,0,0,0,0,0,0,0,0,0,2,1,1,31,2,2,4,4,7,9,12,15,23,28,44
LUX,Refugees (incl. refugee-like status),0,0,0,0,0,0,0,0,0,0,0,0,0,0,0,0,0,0,0,0,0,0,0,0,0,0,0,0,0,0,0,0,0,0,0,0,0,0,0,0,0,0,0,0,0,0,0,0,0,0,0,0,0,1,1,2,2,0,0,0,0,0,1,2,2,0
#N/A,Refugees (incl. refugee-like status),0,0,0,0,0,0,0,0,0,0,0,0,0,0,0,0,0,0,0,0,0,0,0,0,0,0,0,0,0,0,0,0,0,0,0,0,0,0,0,0,0,0,0,0,0,0,0,0,0,0,0,0,0,2,0,0,0,0,0,0,0,0,0,0,0,0
SDN,Internally displaced persons,0,0,0,0,0,0,0,0,0,0,0,0,0,0,0,0,0,0,0,0,0,0,0,0,0,0,0,0,0,0,0,0,0,0,0,0,0,0,0,0,0,0,0,0,0,0,0,0,0,0,0,0,0,662302,841946,1325235,1250000,1201040,1034140,1624100,2422520,1873300,1873300,2192830,3218234,2225557
PYF,Refugees (incl. refugee-like status),0,0,0,0,0,0,0,0,0,0,0,0,0,0,0,0,0,0,0,0,0,0,0,0,0,0,0,0,0,0,0,0,0,0,0,0,0,0,0,0,0,0,0,0,0,0,0,0,0,0,0,0,0,0,1,1,0,0,0,0,0,0,0,0,0,0
TGO,Internally displaced persons,0,0,0,0,0,0,0,0,0,0,0,0,0,0,0,0,0,0,0,0,0,0,0,0,0,0,0,0,0,0,0,0,0,0,0,0,0,0,0,0,0,0,0,0,0,0,0,0,0,0,0,0,0,0,3000,0,0,0,0,0,0,0,0,0,0,0
CAF,Internally displaced persons,0,0,0,0,0,0,0,0,0,0,0,0,0,0,0,0,0,0,0,0,0,0,0,0,0,0,0,0,0,0,0,0,0,0,0,0,0,0,0,0,0,0,0,0,0,0,0,0,0,0,0,0,0,0,0,147000,197000,197000,197000,192529,105206,51679,894421,438538,216392,411785
MNE,Refugees (incl. refugee-like status),0,0,0,0,0,0,0,0,0,0,0,0,0,0,0,0,0,0,0,0,0,0,0,0,0,0,0,0,0,0,0,0,0,0,0,0,0,0,0,0,0,0,0,0,0,0,0,0,0,0,0,0,0,0,0,135,557,1283,2582,3246,3698,4054,546,607,651,708
COG,Internally displaced persons,0,0,0,0,0,0,0,0,0,0,0,0,0,0,0,0,0,0,0,0,0,0,0,0,0,0,0,0,0,0,0,0,0,0,0,0,0,0,0,0,0,0,0,0,0,0,0,0,0,0,0,0,0,0,0,3492,0,0,0,0,0,0,0,0,0,15303
LBN,Internally displaced persons,0,0,0,0,0,0,0,0,0,0,0,0,0,0,0,0,0,0,0,0,0,0,0,0,0,0,0,0,0,0,0,0,0,0,0,0,0,0,0,0,0,0,0,0,0,0,0,0,0,0,0,0,0,0,0,200000,70000,0,0,0,0,0,0,0,0,0
MMR,Internally displaced persons,0,0,0,0,0,0,0,0,0,0,0,0,0,0,0,0,0,0,0,0,0,0,0,0,0,0,0,0,0,0,0,0,0,0,0,0,0,0,0,0,0,0,0,0,0,0,0,0,0,0,0,0,0,0,0,58500,67290,67290,67290,62015,339200,430400,372000,376500,451089,375016
MNE,Internally displaced persons,0,0,0,0,0,0,0,0,0,0,0,0,0,0,0,0,0,0,0,0,0,0,0,0,0,0,0,0,0,0,0,0,0,0,0,0,0,0,0,0,0,0,0,0,0,0,0,0,0,0,0,0,0,0,0,16196,16155,0,0,0,0,0,0,0,0,0
NPL,Internally displaced persons,0,0,0,0,0,0,0,0,0,0,0,0,0,0,0,0,0,0,0,0,0,0,0,0,0,0,0,0,0,0,0,0,0,0,0,0,0,0,0,0,0,0,0,0,0,0,0,0,0,0,0,0,0,0,0,100000,50000,0,0,0,0,0,0,0,0,0
TCD,Internally displaced persons,0,0,0,0,0,0,0,0,0,0,0,0,0,0,0,0,0,0,0,0,0,0,0,0,0,0,0,0,0,0,0,0,0,0,0,0,0,0,0,0,0,0,0,0,0,0,0,0,0,0,0,0,0,0,0,112686,178918,166718,170531,131000,124000,90000,19791,0,51999,124342
TLS,Internally displaced persons,0,0,0,0,0,0,0,0,0,0,0,0,0,0,0,0,0,0,0,0,0,0,0,0,0,0,0,0,0,0,0,0,0,0,0,0,0,0,0,0,0,0,0,0,0,0,0,0,0,0,0,0,0,0,0,155231,62625,15860,0,0,0,0,0,0,0,0
UGA,Internally displaced persons,0,0,0,0,0,0,0,0,0,0,0,0,0,0,0,0,0,0,0,0,0,0,0,0,0,0,0,0,0,0,0,0,0,0,0,0,0,0,0,0,0,0,0,0,0,0,0,0,0,0,0,0,0,0,0,1586174,1235992,853000,446300,125598,29776,0,0,0,0,0
TCA,Refugees (incl. refugee-like status),0,0,0,0,0,0,0,0,0,0,0,0,0,0,0,0,0,0,0,0,0,0,0,0,0,0,0,0,0,0,0,0,0,0,0,0,0,0,0,0,0,0,0,0,0,0,0,0,0,0,0,0,0,0,0,1,1,1,1,1,14,14,15,15,14,14
PLW,Refugees (incl. refugee-like status),0,0,0,0,0,0,0,0,0,0,0,0,0,0,0,0,0,0,0,0,0,0,0,0,0,0,0,0,0,0,0,0,0,0,0,0,0,0,0,0,0,0,0,0,0,0,0,0,0,0,0,0,0,0,0,0,1,1,0,0,0,0,1,1,2,0
GIB,Refugees (incl. refugee-like status),0,0,0,0,0,0,0,0,0,0,0,0,0,0,0,0,0,0,0,0,0,0,0,0,0,0,0,0,0,0,0,0,0,0,0,0,0,0,0,0,0,0,0,0,0,0,0,0,0,0,0,0,0,0,0,0,1,1,1,2,2,2,2,2,2,0
YEM,Internally displaced persons,0,0,0,0,0,0,0,0,0,0,0,0,0,0,0,0,0,0,0,0,0,0,0,0,0,0,0,0,0,0,0,0,0,0,0,0,0,0,0,0,0,0,0,0,0,0,0,0,0,0,0,0,0,0,0,0,77000,100000,250000,220994,347295,385320,306614,334093,2532032,2025060
KEN,Internally displaced persons,0,0,0,0,0,0,0,0,0,0,0,0,0,0,0,0,0,0,0,0,0,0,0,0,0,0,0,0,0,0,0,0,0,0,0,0,0,0,0,0,0,0,0,0,0,0,0,0,0,0,0,0,0,0,0,0,0,404000,399000,300000,300000,412000,0,0,0,0
PAK,Internally displaced persons,0,0,0,0,0,0,0,0,0,0,0,0,0,0,0,0,0,0,0,0,0,0,0,0,0,0,0,0,0,0,0,0,0,0,0,0,0,0,0,0,0,0,0,0,0,0,0,0,0,0,0,0,0,0,0,0,0,155809,1894557,952035,452932,757996,747498,1375904,1146108,448956
COK,Refugees (incl. refugee-like status),0,0,0,0,0,0,0,0,0,0,0,0,0,0,0,0,0,0,0,0,0,0,0,0,0,0,0,0,0,0,0,0,0,0,0,0,0,0,0,0,0,0,0,0,0,0,0,0,0,0,0,0,0,0,0,0,0,0,1,1,1,1,1,1,1,0
VUT,Refugees (incl. refugee-like status),0,0,0,0,0,0,0,0,0,0,0,0,0,0,0,0,0,0,0,0,0,0,0,0,0,0,0,0,0,0,0,0,0,0,0,0,0,0,0,0,0,0,0,0,0,0,0,0,0,0,0,0,0,0,0,0,0,0,0,1,1,1,1,1,1,0
PHL,Internally displaced persons,0,0,0,0,0,0,0,0,0,0,0,0,0,0,0,0,0,0,0,0,0,0,0,0,0,0,0,0,0,0,0,0,0,0,0,0,0,0,0,0,0,0,0,0,0,0,0,0,0,0,0,0,0,0,0,0,0,0,0,139509,159465,1159,117369,142430,63174,87418
CYM,Refugees (incl. refugee-like status),0,0,0,0,0,0,0,0,0,0,0,0,0,0,0,0,0,0,0,0,0,0,0,0,0,0,0,0,0,0,0,0,0,0,0,0,0,0,0,0,0,0,0,0,0,0,0,0,0,0,0,0,0,0,0,0,0,0,0,1,1,1,6,6,6,6
#N/A,Refugees (incl. refugee-like status),0,0,0,0,0,0,0,0,0,0,0,0,0,0,0,0,0,0,0,0,0,0,0,0,0,0,0,0,0,0,0,0,0,0,0,0,0,0,0,0,0,0,0,0,0,0,0,0,0,0,0,0,0,0,0,0,0,0,0,0,1,87009,114470,616211,778718,1436667
LBY,Internally displaced persons,0,0,0,0,0,0,0,0,0,0,0,0,0,0,0,0,0,0,0,0,0,0,0,0,0,0,0,0,0,0,0,0,0,0,0,0,0,0,0,0,0,0,0,0,0,0,0,0,0,0,0,0,0,0,0,0,0,0,0,0,93565,59425,53579,363067,434869,174510
#N/A,Internally displaced persons,0,0,0,0,0,0,0,0,0,0,0,0,0,0,0,0,0,0,0,0,0,0,0,0,0,0,0,0,0,0,0,0,0,0,0,0,0,0,0,0,0,0,0,0,0,0,0,0,0,0,0,0,0,0,0,0,0,0,0,0,560161,345670,331097,1645392,1790427,1853924
NIU,Refugees (incl. refugee-like status),0,0,0,0,0,0,0,0,0,0,0,0,0,0,0,0,0,0,0,0,0,0,0,0,0,0,0,0,0,0,0,0,0,0,0,0,0,0,0,0,0,0,0,0,0,0,0,0,0,0,0,0,0,0,0,0,0,0,0,0,7,10,14,18,18,19
ZWE,Internally displaced persons,0,0,0,0,0,0,0,0,0,0,0,0,0,0,0,0,0,0,0,0,0,0,0,0,0,0,0,0,0,0,0,0,0,0,0,0,0,0,0,0,0,0,0,0,0,0,0,0,0,0,0,0,0,0,0,0,0,0,0,0,54278,57926,60139,0,0,0
SYR,Internally displaced persons,0,0,0,0,0,0,0,0,0,0,0,0,0,0,0,0,0,0,0,0,0,0,0,0,0,0,0,0,0,0,0,0,0,0,0,0,0,0,0,0,0,0,0,0,0,0,0,0,0,0,0,0,0,0,0,0,0,0,0,0,0,2016500,6520800,7632500,6563462,6325978
MHL,Refugees (incl. refugee-like status),0,0,0,0,0,0,0,0,0,0,0,0,0,0,0,0,0,0,0,0,0,0,0,0,0,0,0,0,0,0,0,0,0,0,0,0,0,0,0,0,0,0,0,0,0,0,0,0,0,0,0,0,0,0,0,0,0,0,0,0,0,2,3,3,3,0
#N/A,Refugees (incl. refugee-like status),0,0,0,0,0,0,0,0,0,0,0,0,0,0,0,0,0,0,0,0,0,0,0,0,0,0,0,0,0,0,0,0,0,0,0,0,0,0,0,0,0,0,0,0,0,0,0,0,0,0,0,0,0,0,0,0,0,0,0,0,0,0,35,35,35,35
CUB,Internally displaced persons,0,0,0,0,0,0,0,0,0,0,0,0,0,0,0,0,0,0,0,0,0,0,0,0,0,0,0,0,0,0,0,0,0,0,0,0,0,0,0,0,0,0,0,0,0,0,0,0,0,0,0,0,0,0,0,0,0,0,0,0,0,0,0,0,0,0
IRN,Internally displaced persons,0,0,0,0,0,0,0,0,0,0,0,0,0,0,0,0,0,0,0,0,0,0,0,0,0,0,0,0,0,0,0,0,0,0,0,0,0,0,0,0,0,0,0,0,0,0,0,0,0,0,0,0,0,0,0,0,0,0,0,0,0,0,0,0,0,0
KAZ,Internally displaced persons,0,0,0,0,0,0,0,0,0,0,0,0,0,0,0,0,0,0,0,0,0,0,0,0,0,0,0,0,0,0,0,0,0,0,0,0,0,0,0,0,0,0,0,0,0,0,0,0,0,0,0,0,0,0,0,0,0,0,0,0,0,0,0,0,0,0
PSE,Internally displaced persons,0,0,0,0,0,0,0,0,0,0,0,0,0,0,0,0,0,0,0,0,0,0,0,0,0,0,0,0,0,0,0,0,0,0,0,0,0,0,0,0,0,0,0,0,0,0,0,0,0,0,0,0,0,0,0,0,0,0,0,0,0,0,0,0,0,0
UZB,Internally displaced persons,0,0,0,0,0,0,0,0,0,0,0,0,0,0,0,0,0,0,0,0,0,0,0,0,0,0,0,0,0,0,0,0,0,0,0,0,0,0,0,0,0,0,0,0,0,0,0,0,0,0,0,0,0,0,0,0,0,0,0,0,0,0,0,0,0,0
CMR,Internally displaced persons,0,0,0,0,0,0,0,0,0,0,0,0,0,0,0,0,0,0,0,0,0,0,0,0,0,0,0,0,0,0,0,0,0,0,0,0,0,0,0,0,0,0,0,0,0,0,0,0,0,0,0,0,0,0,0,0,0,0,0,0,0,0,0,0,92657,198889
DJI,Internally displaced persons,0,0,0,0,0,0,0,0,0,0,0,0,0,0,0,0,0,0,0,0,0,0,0,0,0,0,0,0,0,0,0,0,0,0,0,0,0,0,0,0,0,0,0,0,0,0,0,0,0,0,0,0,0,0,0,0,0,0,0,0,0,0,0,0,0,0
DZA,Internally displaced persons,0,0,0,0,0,0,0,0,0,0,0,0,0,0,0,0,0,0,0,0,0,0,0,0,0,0,0,0,0,0,0,0,0,0,0,0,0,0,0,0,0,0,0,0,0,0,0,0,0,0,0,0,0,0,0,0,0,0,0,0,0,0,0,0,0,0
ESH,Internally displaced persons,0,0,0,0,0,0,0,0,0,0,0,0,0,0,0,0,0,0,0,0,0,0,0,0,0,0,0,0,0,0,0,0,0,0,0,0,0,0,0,0,0,0,0,0,0,0,0,0,0,0,0,0,0,0,0,0,0,0,0,0,0,0,0,0,0,0
ETH,Internally displaced persons,0,0,0,0,0,0,0,0,0,0,0,0,0,0,0,0,0,0,0,0,0,0,0,0,0,0,0,0,0,0,0,0,0,0,0,0,0,0,0,0,0,0,0,0,0,0,0,0,0,0,0,0,0,0,0,0,0,0,0,0,0,0,0,0,0,0
GIN,Internally displaced persons,0,0,0,0,0,0,0,0,0,0,0,0,0,0,0,0,0,0,0,0,0,0,0,0,0,0,0,0,0,0,0,0,0,0,0,0,0,0,0,0,0,0,0,0,0,0,0,0,0,0,0,0,0,0,0,0,0,0,0,0,0,0,0,0,0,0
GMB,Internally displaced persons,0,0,0,0,0,0,0,0,0,0,0,0,0,0,0,0,0,0,0,0,0,0,0,0,0,0,0,0,0,0,0,0,0,0,0,0,0,0,0,0,0,0,0,0,0,0,0,0,0,0,0,0,0,0,0,0,0,0,0,0,0,0,0,0,0,0
HTI,Internally displaced persons,0,0,0,0,0,0,0,0,0,0,0,0,0,0,0,0,0,0,0,0,0,0,0,0,0,0,0,0,0,0,0,0,0,0,0,0,0,0,0,0,0,0,0,0,0,0,0,0,0,0,0,0,0,0,0,0,0,0,0,0,0,0,0,0,0,0
MRT,Internally displaced persons,0,0,0,0,0,0,0,0,0,0,0,0,0,0,0,0,0,0,0,0,0,0,0,0,0,0,0,0,0,0,0,0,0,0,0,0,0,0,0,0,0,0,0,0,0,0,0,0,0,0,0,0,0,0,0,0,0,0,0,0,0,0,0,0,0,0
MUS,Internally displaced persons,0,0,0,0,0,0,0,0,0,0,0,0,0,0,0,0,0,0,0,0,0,0,0,0,0,0,0,0,0,0,0,0,0,0,0,0,0,0,0,0,0,0,0,0,0,0,0,0,0,0,0,0,0,0,0,0,0,0,0,0,0,0,0,0,0,0
NGA,Internally displaced persons,0,0,0,0,0,0,0,0,0,0,0,0,0,0,0,0,0,0,0,0,0,0,0,0,0,0,0,0,0,0,0,0,0,0,0,0,0,0,0,0,0,0,0,0,0,0,0,0,0,0,0,0,0,0,0,0,0,0,0,0,0,0,0,1188018,2172532,2219272
PRK,Internally displaced persons,0,0,0,0,0,0,0,0,0,0,0,0,0,0,0,0,0,0,0,0,0,0,0,0,0,0,0,0,0,0,0,0,0,0,0,0,0,0,0,0,0,0,0,0,0,0,0,0,0,0,0,0,0,0,0,0,0,0,0,0,0,0,0,0,0,0
SEN,Internally displaced persons,0,0,0,0,0,0,0,0,0,0,0,0,0,0,0,0,0,0,0,0,0,0,0,0,0,0,0,0,0,0,0,0,0,0,0,0,0,0,0,0,0,0,0,0,0,0,0,0,0,0,0,0,0,0,0,0,0,0,0,0,0,0,0,0,0,0
TZA,Internally displaced persons,0,0,0,0,0,0,0,0,0,0,0,0,0,0,0,0,0,0,0,0,0,0,0,0,0,0,0,0,0,0,0,0,0,0,0,0,0,0,0,0,0,0,0,0,0,0,0,0,0,0,0,0,0,0,0,0,0,0,0,0,0,0,0,0,0,0
ZAF,Internally displaced persons,0,0,0,0,0,0,0,0,0,0,0,0,0,0,0,0,0,0,0,0,0,0,0,0,0,0,0,0,0,0,0,0,0,0,0,0,0,0,0,0,0,0,0,0,0,0,0,0,0,0,0,0,0,0,0,0,0,0,0,0,0,0,0,0,0,0
ZMB,Internally displaced persons,0,0,0,0,0,0,0,0,0,0,0,0,0,0,0,0,0,0,0,0,0,0,0,0,0,0,0,0,0,0,0,0,0,0,0,0,0,0,0,0,0,0,0,0,0,0,0,0,0,0,0,0,0,0,0,0,0,0,0,0,0,0,0,0,0,0
CHN,Internally displaced persons,0,0,0,0,0,0,0,0,0,0,0,0,0,0,0,0,0,0,0,0,0,0,0,0,0,0,0,0,0,0,0,0,0,0,0,0,0,0,0,0,0,0,0,0,0,0,0,0,0,0,0,0,0,0,0,0,0,0,0,0,0,0,0,0,0,0
EGY,Internally displaced persons,0,0,0,0,0,0,0,0,0,0,0,0,0,0,0,0,0,0,0,0,0,0,0,0,0,0,0,0,0,0,0,0,0,0,0,0,0,0,0,0,0,0,0,0,0,0,0,0,0,0,0,0,0,0,0,0,0,0,0,0,0,0,0,0,0,0
PER,Internally displaced persons,0,0,0,0,0,0,0,0,0,0,0,0,0,0,0,0,0,0,0,0,0,0,0,0,0,0,0,0,0,0,0,0,0,0,0,0,0,0,0,0,0,0,0,0,0,0,0,0,0,0,0,0,0,0,0,0,0,0,0,0,0,0,0,0,0,0
TUR,Internally displaced persons,0,0,0,0,0,0,0,0,0,0,0,0,0,0,0,0,0,0,0,0,0,0,0,0,0,0,0,0,0,0,0,0,0,0,0,0,0,0,0,0,0,0,0,0,0,0,0,0,0,0,0,0,0,0,0,0,0,0,0,0,0,0,0,0,0,0
UKR,Internally displaced persons,0,0,0,0,0,0,0,0,0,0,0,0,0,0,0,0,0,0,0,0,0,0,0,0,0,0,0,0,0,0,0,0,0,0,0,0,0,0,0,0,0,0,0,0,0,0,0,0,0,0,0,0,0,0,0,0,0,0,0,0,0,0,0,823000,1600000,1800000
#N/A,Internally displaced persons,0,0,0,0,0,0,0,0,0,0,0,0,0,0,0,0,0,0,0,0,0,0,0,0,0,0,0,0,0,0,0,0,0,0,0,0,0,0,0,0,0,0,0,0,0,0,0,0,0,0,0,0,0,0,0,0,0,0,0,0,0,0,0,0,0,0
ALB,Internally displaced persons,0,0,0,0,0,0,0,0,0,0,0,0,0,0,0,0,0,0,0,0,0,0,0,0,0,0,0,0,0,0,0,0,0,0,0,0,0,0,0,0,0,0,0,0,0,0,0,0,0,0,0,0,0,0,0,0,0,0,0,0,0,0,0,0,0,0
BEN,Internally displaced persons,0,0,0,0,0,0,0,0,0,0,0,0,0,0,0,0,0,0,0,0,0,0,0,0,0,0,0,0,0,0,0,0,0,0,0,0,0,0,0,0,0,0,0,0,0,0,0,0,0,0,0,0,0,0,0,0,0,0,0,0,0,0,0,0,0,0
BFA,Internally displaced persons,0,0,0,0,0,0,0,0,0,0,0,0,0,0,0,0,0,0,0,0,0,0,0,0,0,0,0,0,0,0,0,0,0,0,0,0,0,0,0,0,0,0,0,0,0,0,0,0,0,0,0,0,0,0,0,0,0,0,0,0,0,0,0,0,0,0
BGD,Internally displaced persons,0,0,0,0,0,0,0,0,0,0,0,0,0,0,0,0,0,0,0,0,0,0,0,0,0,0,0,0,0,0,0,0,0,0,0,0,0,0,0,0,0,0,0,0,0,0,0,0,0,0,0,0,0,0,0,0,0,0,0,0,0,0,0,0,0,0
BGR,Internally displaced persons,0,0,0,0,0,0,0,0,0,0,0,0,0,0,0,0,0,0,0,0,0,0,0,0,0,0,0,0,0,0,0,0,0,0,0,0,0,0,0,0,0,0,0,0,0,0,0,0,0,0,0,0,0,0,0,0,0,0,0,0,0,0,0,0,0,0
BLR,Internally displaced persons,0,0,0,0,0,0,0,0,0,0,0,0,0,0,0,0,0,0,0,0,0,0,0,0,0,0,0,0,0,0,0,0,0,0,0,0,0,0,0,0,0,0,0,0,0,0,0,0,0,0,0,0,0,0,0,0,0,0,0,0,0,0,0,0,0,0
BOL,Internally displaced persons,0,0,0,0,0,0,0,0,0,0,0,0,0,0,0,0,0,0,0,0,0,0,0,0,0,0,0,0,0,0,0,0,0,0,0,0,0,0,0,0,0,0,0,0,0,0,0,0,0,0,0,0,0,0,0,0,0,0,0,0,0,0,0,0,0,0
BRA,Internally displaced persons,0,0,0,0,0,0,0,0,0,0,0,0,0,0,0,0,0,0,0,0,0,0,0,0,0,0,0,0,0,0,0,0,0,0,0,0,0,0,0,0,0,0,0,0,0,0,0,0,0,0,0,0,0,0,0,0,0,0,0,0,0,0,0,0,0,0
BWA,Internally displaced persons,0,0,0,0,0,0,0,0,0,0,0,0,0,0,0,0,0,0,0,0,0,0,0,0,0,0,0,0,0,0,0,0,0,0,0,0,0,0,0,0,0,0,0,0,0,0,0,0,0,0,0,0,0,0,0,0,0,0,0,0,0,0,0,0,0,0
CHL,Internally displaced persons,0,0,0,0,0,0,0,0,0,0,0,0,0,0,0,0,0,0,0,0,0,0,0,0,0,0,0,0,0,0,0,0,0,0,0,0,0,0,0,0,0,0,0,0,0,0,0,0,0,0,0,0,0,0,0,0,0,0,0,0,0,0,0,0,0,0
#N/A,Internally displaced persons,0,0,0,0,0,0,0,0,0,0,0,0,0,0,0,0,0,0,0,0,0,0,0,0,0,0,0,0,0,0,0,0,0,0,0,0,0,0,0,0,0,0,0,0,0,0,0,0,0,0,0,0,0,0,0,0,0,0,0,0,0,0,0,0,0,0
CRI,Internally displaced persons,0,0,0,0,0,0,0,0,0,0,0,0,0,0,0,0,0,0,0,0,0,0,0,0,0,0,0,0,0,0,0,0,0,0,0,0,0,0,0,0,0,0,0,0,0,0,0,0,0,0,0,0,0,0,0,0,0,0,0,0,0,0,0,0,0,0
CZE,Internally displaced persons,0,0,0,0,0,0,0,0,0,0,0,0,0,0,0,0,0,0,0,0,0,0,0,0,0,0,0,0,0,0,0,0,0,0,0,0,0,0,0,0,0,0,0,0,0,0,0,0,0,0,0,0,0,0,0,0,0,0,0,0,0,0,0,0,0,0
DEU,Internally displaced persons,0,0,0,0,0,0,0,0,0,0,0,0,0,0,0,0,0,0,0,0,0,0,0,0,0,0,0,0,0,0,0,0,0,0,0,0,0,0,0,0,0,0,0,0,0,0,0,0,0,0,0,0,0,0,0,0,0,0,0,0,0,0,0,0,0,0
DOM,Internally displaced persons,0,0,0,0,0,0,0,0,0,0,0,0,0,0,0,0,0,0,0,0,0,0,0,0,0,0,0,0,0,0,0,0,0,0,0,0,0,0,0,0,0,0,0,0,0,0,0,0,0,0,0,0,0,0,0,0,0,0,0,0,0,0,0,0,0,0
ECU,Internally displaced persons,0,0,0,0,0,0,0,0,0,0,0,0,0,0,0,0,0,0,0,0,0,0,0,0,0,0,0,0,0,0,0,0,0,0,0,0,0,0,0,0,0,0,0,0,0,0,0,0,0,0,0,0,0,0,0,0,0,0,0,0,0,0,0,0,0,0
ESP,Internally displaced persons,0,0,0,0,0,0,0,0,0,0,0,0,0,0,0,0,0,0,0,0,0,0,0,0,0,0,0,0,0,0,0,0,0,0,0,0,0,0,0,0,0,0,0,0,0,0,0,0,0,0,0,0,0,0,0,0,0,0,0,0,0,0,0,0,0,0
EST,Internally displaced persons,0,0,0,0,0,0,0,0,0,0,0,0,0,0,0,0,0,0,0,0,0,0,0,0,0,0,0,0,0,0,0,0,0,0,0,0,0,0,0,0,0,0,0,0,0,0,0,0,0,0,0,0,0,0,0,0,0,0,0,0,0,0,0,0,0,0
FRA,Internally displaced persons,0,0,0,0,0,0,0,0,0,0,0,0,0,0,0,0,0,0,0,0,0,0,0,0,0,0,0,0,0,0,0,0,0,0,0,0,0,0,0,0,0,0,0,0,0,0,0,0,0,0,0,0,0,0,0,0,0,0,0,0,0,0,0,0,0,0
GBR,Internally displaced persons,0,0,0,0,0,0,0,0,0,0,0,0,0,0,0,0,0,0,0,0,0,0,0,0,0,0,0,0,0,0,0,0,0,0,0,0,0,0,0,0,0,0,0,0,0,0,0,0,0,0,0,0,0,0,0,0,0,0,0,0,0,0,0,0,0,0
GRC,Internally displaced persons,0,0,0,0,0,0,0,0,0,0,0,0,0,0,0,0,0,0,0,0,0,0,0,0,0,0,0,0,0,0,0,0,0,0,0,0,0,0,0,0,0,0,0,0,0,0,0,0,0,0,0,0,0,0,0,0,0,0,0,0,0,0,0,0,0,0
GUY,Internally displaced persons,0,0,0,0,0,0,0,0,0,0,0,0,0,0,0,0,0,0,0,0,0,0,0,0,0,0,0,0,0,0,0,0,0,0,0,0,0,0,0,0,0,0,0,0,0,0,0,0,0,0,0,0,0,0,0,0,0,0,0,0,0,0,0,0,0,0
HND,Internally displaced persons,0,0,0,0,0,0,0,0,0,0,0,0,0,0,0,0,0,0,0,0,0,0,0,0,0,0,0,0,0,0,0,0,0,0,0,0,0,0,0,0,0,0,0,0,0,0,0,0,0,0,0,0,0,0,0,0,0,0,0,0,0,0,0,0,174000,174000
HUN,Internally displaced persons,0,0,0,0,0,0,0,0,0,0,0,0,0,0,0,0,0,0,0,0,0,0,0,0,0,0,0,0,0,0,0,0,0,0,0,0,0,0,0,0,0,0,0,0,0,0,0,0,0,0,0,0,0,0,0,0,0,0,0,0,0,0,0,0,0,0
IND,Internally displaced persons,0,0,0,0,0,0,0,0,0,0,0,0,0,0,0,0,0,0,0,0,0,0,0,0,0,0,0,0,0,0,0,0,0,0,0,0,0,0,0,0,0,0,0,0,0,0,0,0,0,0,0,0,0,0,0,0,0,0,0,0,0,0,0,0,0,0
ISR,Internally displaced persons,0,0,0,0,0,0,0,0,0,0,0,0,0,0,0,0,0,0,0,0,0,0,0,0,0,0,0,0,0,0,0,0,0,0,0,0,0,0,0,0,0,0,0,0,0,0,0,0,0,0,0,0,0,0,0,0,0,0,0,0,0,0,0,0,0,0
ITA,Internally displaced persons,0,0,0,0,0,0,0,0,0,0,0,0,0,0,0,0,0,0,0,0,0,0,0,0,0,0,0,0,0,0,0,0,0,0,0,0,0,0,0,0,0,0,0,0,0,0,0,0,0,0,0,0,0,0,0,0,0,0,0,0,0,0,0,0,0,0
JAM,Internally displaced persons,0,0,0,0,0,0,0,0,0,0,0,0,0,0,0,0,0,0,0,0,0,0,0,0,0,0,0,0,0,0,0,0,0,0,0,0,0,0,0,0,0,0,0,0,0,0,0,0,0,0,0,0,0,0,0,0,0,0,0,0,0,0,0,0,0,0
JOR,Internally displaced persons,0,0,0,0,0,0,0,0,0,0,0,0,0,0,0,0,0,0,0,0,0,0,0,0,0,0,0,0,0,0,0,0,0,0,0,0,0,0,0,0,0,0,0,0,0,0,0,0,0,0,0,0,0,0,0,0,0,0,0,0,0,0,0,0,0,0
JPN,Internally displaced persons,0,0,0,0,0,0,0,0,0,0,0,0,0,0,0,0,0,0,0,0,0,0,0,0,0,0,0,0,0,0,0,0,0,0,0,0,0,0,0,0,0,0,0,0,0,0,0,0,0,0,0,0,0,0,0,0,0,0,0,0,0,0,0,0,0,0
KWT,Internally displaced persons,0,0,0,0,0,0,0,0,0,0,0,0,0,0,0,0,0,0,0,0,0,0,0,0,0,0,0,0,0,0,0,0,0,0,0,0,0,0,0,0,0,0,0,0,0,0,0,0,0,0,0,0,0,0,0,0,0,0,0,0,0,0,0,0,0,0
LAO,Internally displaced persons,0,0,0,0,0,0,0,0,0,0,0,0,0,0,0,0,0,0,0,0,0,0,0,0,0,0,0,0,0,0,0,0,0,0,0,0,0,0,0,0,0,0,0,0,0,0,0,0,0,0,0,0,0,0,0,0,0,0,0,0,0,0,0,0,0,0
MAR,Internally displaced persons,0,0,0,0,0,0,0,0,0,0,0,0,0,0,0,0,0,0,0,0,0,0,0,0,0,0,0,0,0,0,0,0,0,0,0,0,0,0,0,0,0,0,0,0,0,0,0,0,0,0,0,0,0,0,0,0,0,0,0,0,0,0,0,0,0,0
MEX,Internally displaced persons,0,0,0,0,0,0,0,0,0,0,0,0,0,0,0,0,0,0,0,0,0,0,0,0,0,0,0,0,0,0,0,0,0,0,0,0,0,0,0,0,0,0,0,0,0,0,0,0,0,0,0,0,0,0,0,0,0,0,0,0,0,0,0,0,0,0
MYS,Internally displaced persons,0,0,0,0,0,0,0,0,0,0,0,0,0,0,0,0,0,0,0,0,0,0,0,0,0,0,0,0,0,0,0,0,0,0,0,0,0,0,0,0,0,0,0,0,0,0,0,0,0,0,0,0,0,0,0,0,0,0,0,0,0,0,0,0,0,0
NAM,Internally displaced persons,0,0,0,0,0,0,0,0,0,0,0,0,0,0,0,0,0,0,0,0,0,0,0,0,0,0,0,0,0,0,0,0,0,0,0,0,0,0,0,0,0,0,0,0,0,0,0,0,0,0,0,0,0,0,0,0,0,0,0,0,0,0,0,0,0,0
NIC,Internally displaced persons,0,0,0,0,0,0,0,0,0,0,0,0,0,0,0,0,0,0,0,0,0,0,0,0,0,0,0,0,0,0,0,0,0,0,0,0,0,0,0,0,0,0,0,0,0,0,0,0,0,0,0,0,0,0,0,0,0,0,0,0,0,0,0,0,0,0
NZL,Internally displaced persons,0,0,0,0,0,0,0,0,0,0,0,0,0,0,0,0,0,0,0,0,0,0,0,0,0,0,0,0,0,0,0,0,0,0,0,0,0,0,0,0,0,0,0,0,0,0,0,0,0,0,0,0,0,0,0,0,0,0,0,0,0,0,0,0,0,0
PAN,Internally displaced persons,0,0,0,0,0,0,0,0,0,0,0,0,0,0,0,0,0,0,0,0,0,0,0,0,0,0,0,0,0,0,0,0,0,0,0,0,0,0,0,0,0,0,0,0,0,0,0,0,0,0,0,0,0,0,0,0,0,0,0,0,0,0,0,0,0,0
PRT,Internally displaced persons,0,0,0,0,0,0,0,0,0,0,0,0,0,0,0,0,0,0,0,0,0,0,0,0,0,0,0,0,0,0,0,0,0,0,0,0,0,0,0,0,0,0,0,0,0,0,0,0,0,0,0,0,0,0,0,0,0,0,0,0,0,0,0,0,0,0
PRY,Internally displaced persons,0,0,0,0,0,0,0,0,0,0,0,0,0,0,0,0,0,0,0,0,0,0,0,0,0,0,0,0,0,0,0,0,0,0,0,0,0,0,0,0,0,0,0,0,0,0,0,0,0,0,0,0,0,0,0,0,0,0,0,0,0,0,0,0,0,0
ROU,Internally displaced persons,0,0,0,0,0,0,0,0,0,0,0,0,0,0,0,0,0,0,0,0,0,0,0,0,0,0,0,0,0,0,0,0,0,0,0,0,0,0,0,0,0,0,0,0,0,0,0,0,0,0,0,0,0,0,0,0,0,0,0,0,0,0,0,0,0,0
SGP,Internally displaced persons,0,0,0,0,0,0,0,0,0,0,0,0,0,0,0,0,0,0,0,0,0,0,0,0,0,0,0,0,0,0,0,0,0,0,0,0,0,0,0,0,0,0,0,0,0,0,0,0,0,0,0,0,0,0,0,0,0,0,0,0,0,0,0,0,0,0
SLV,Internally displaced persons,0,0,0,0,0,0,0,0,0,0,0,0,0,0,0,0,0,0,0,0,0,0,0,0,0,0,0,0,0,0,0,0,0,0,0,0,0,0,0,0,0,0,0,0,0,0,0,0,0,0,0,0,0,0,0,0,0,0,0,0,0,0,0,0,0,0
SUR,Internally displaced persons,0,0,0,0,0,0,0,0,0,0,0,0,0,0,0,0,0,0,0,0,0,0,0,0,0,0,0,0,0,0,0,0,0,0,0,0,0,0,0,0,0,0,0,0,0,0,0,0,0,0,0,0,0,0,0,0,0,0,0,0,0,0,0,0,0,0
SVK,Internally displaced persons,0,0,0,0,0,0,0,0,0,0,0,0,0,0,0,0,0,0,0,0,0,0,0,0,0,0,0,0,0,0,0,0,0,0,0,0,0,0,0,0,0,0,0,0,0,0,0,0,0,0,0,0,0,0,0,0,0,0,0,0,0,0,0,0,0,0
THA,Internally displaced persons,0,0,0,0,0,0,0,0,0,0,0,0,0,0,0,0,0,0,0,0,0,0,0,0,0,0,0,0,0,0,0,0,0,0,0,0,0,0,0,0,0,0,0,0,0,0,0,0,0,0,0,0,0,0,0,0,0,0,0,0,0,0,0,0,0,0
TKM,Internally displaced persons,0,0,0,0,0,0,0,0,0,0,0,0,0,0,0,0,0,0,0,0,0,0,0,0,0,0,0,0,0,0,0,0,0,0,0,0,0,0,0,0,0,0,0,0,0,0,0,0,0,0,0,0,0,0,0,0,0,0,0,0,0,0,0,0,0,0
TUN,Internally displaced persons,0,0,0,0,0,0,0,0,0,0,0,0,0,0,0,0,0,0,0,0,0,0,0,0,0,0,0,0,0,0,0,0,0,0,0,0,0,0,0,0,0,0,0,0,0,0,0,0,0,0,0,0,0,0,0,0,0,0,0,0,0,0,0,0,0,0
URY,Internally displaced persons,0,0,0,0,0,0,0,0,0,0,0,0,0,0,0,0,0,0,0,0,0,0,0,0,0,0,0,0,0,0,0,0,0,0,0,0,0,0,0,0,0,0,0,0,0,0,0,0,0,0,0,0,0,0,0,0,0,0,0,0,0,0,0,0,0,0
USA,Internally displaced persons,0,0,0,0,0,0,0,0,0,0,0,0,0,0,0,0,0,0,0,0,0,0,0,0,0,0,0,0,0,0,0,0,0,0,0,0,0,0,0,0,0,0,0,0,0,0,0,0,0,0,0,0,0,0,0,0,0,0,0,0,0,0,0,0,0,0
VEN,Internally displaced persons,0,0,0,0,0,0,0,0,0,0,0,0,0,0,0,0,0,0,0,0,0,0,0,0,0,0,0,0,0,0,0,0,0,0,0,0,0,0,0,0,0,0,0,0,0,0,0,0,0,0,0,0,0,0,0,0,0,0,0,0,0,0,0,0,0,0
VNM,Internally displaced persons,0,0,0,0,0,0,0,0,0,0,0,0,0,0,0,0,0,0,0,0,0,0,0,0,0,0,0,0,0,0,0,0,0,0,0,0,0,0,0,0,0,0,0,0,0,0,0,0,0,0,0,0,0,0,0,0,0,0,0,0,0,0,0,0,0,0
#N/A,Internally displaced persons,0,0,0,0,0,0,0,0,0,0,0,0,0,0,0,0,0,0,0,0,0,0,0,0,0,0,0,0,0,0,0,0,0,0,0,0,0,0,0,0,0,0,0,0,0,0,0,0,0,0,0,0,0,0,0,0,0,0,0,0,0,0,0,0,0,0
ARE,Internally displaced persons,0,0,0,0,0,0,0,0,0,0,0,0,0,0,0,0,0,0,0,0,0,0,0,0,0,0,0,0,0,0,0,0,0,0,0,0,0,0,0,0,0,0,0,0,0,0,0,0,0,0,0,0,0,0,0,0,0,0,0,0,0,0,0,0,0,0
ARG,Internally displaced persons,0,0,0,0,0,0,0,0,0,0,0,0,0,0,0,0,0,0,0,0,0,0,0,0,0,0,0,0,0,0,0,0,0,0,0,0,0,0,0,0,0,0,0,0,0,0,0,0,0,0,0,0,0,0,0,0,0,0,0,0,0,0,0,0,0,0
AUT,Internally displaced persons,0,0,0,0,0,0,0,0,0,0,0,0,0,0,0,0,0,0,0,0,0,0,0,0,0,0,0,0,0,0,0,0,0,0,0,0,0,0,0,0,0,0,0,0,0,0,0,0,0,0,0,0,0,0,0,0,0,0,0,0,0,0,0,0,0,0
BEL,Internally displaced persons,0,0,0,0,0,0,0,0,0,0,0,0,0,0,0,0,0,0,0,0,0,0,0,0,0,0,0,0,0,0,0,0,0,0,0,0,0,0,0,0,0,0,0,0,0,0,0,0,0,0,0,0,0,0,0,0,0,0,0,0,0,0,0,0,0,0
BHR,Internally displaced persons,0,0,0,0,0,0,0,0,0,0,0,0,0,0,0,0,0,0,0,0,0,0,0,0,0,0,0,0,0,0,0,0,0,0,0,0,0,0,0,0,0,0,0,0,0,0,0,0,0,0,0,0,0,0,0,0,0,0,0,0,0,0,0,0,0,0
BTN,Internally displaced persons,0,0,0,0,0,0,0,0,0,0,0,0,0,0,0,0,0,0,0,0,0,0,0,0,0,0,0,0,0,0,0,0,0,0,0,0,0,0,0,0,0,0,0,0,0,0,0,0,0,0,0,0,0,0,0,0,0,0,0,0,0,0,0,0,0,0
CAN,Internally displaced persons,0,0,0,0,0,0,0,0,0,0,0,0,0,0,0,0,0,0,0,0,0,0,0,0,0,0,0,0,0,0,0,0,0,0,0,0,0,0,0,0,0,0,0,0,0,0,0,0,0,0,0,0,0,0,0,0,0,0,0,0,0,0,0,0,0,0
DNK,Internally displaced persons,0,0,0,0,0,0,0,0,0,0,0,0,0,0,0,0,0,0,0,0,0,0,0,0,0,0,0,0,0,0,0,0,0,0,0,0,0,0,0,0,0,0,0,0,0,0,0,0,0,0,0,0,0,0,0,0,0,0,0,0,0,0,0,0,0,0
FJI,Internally displaced persons,0,0,0,0,0,0,0,0,0,0,0,0,0,0,0,0,0,0,0,0,0,0,0,0,0,0,0,0,0,0,0,0,0,0,0,0,0,0,0,0,0,0,0,0,0,0,0,0,0,0,0,0,0,0,0,0,0,0,0,0,0,0,0,0,0,0
#N/A,Internally displaced persons,0,0,0,0,0,0,0,0,0,0,0,0,0,0,0,0,0,0,0,0,0,0,0,0,0,0,0,0,0,0,0,0,0,0,0,0,0,0,0,0,0,0,0,0,0,0,0,0,0,0,0,0,0,0,0,0,0,0,0,0,0,0,0,0,0,0
IDN,Internally displaced persons,0,0,0,0,0,0,0,0,0,0,0,0,0,0,0,0,0,0,0,0,0,0,0,0,0,0,0,0,0,0,0,0,0,0,0,0,0,0,0,0,0,0,0,0,0,0,0,0,0,0,0,0,0,0,0,0,0,0,0,0,0,0,0,0,0,0
IRL,Internally displaced persons,0,0,0,0,0,0,0,0,0,0,0,0,0,0,0,0,0,0,0,0,0,0,0,0,0,0,0,0,0,0,0,0,0,0,0,0,0,0,0,0,0,0,0,0,0,0,0,0,0,0,0,0,0,0,0,0,0,0,0,0,0,0,0,0,0,0
KIR,Internally displaced persons,0,0,0,0,0,0,0,0,0,0,0,0,0,0,0,0,0,0,0,0,0,0,0,0,0,0,0,0,0,0,0,0,0,0,0,0,0,0,0,0,0,0,0,0,0,0,0,0,0,0,0,0,0,0,0,0,0,0,0,0,0,0,0,0,0,0
KOR,Internally displaced persons,0,0,0,0,0,0,0,0,0,0,0,0,0,0,0,0,0,0,0,0,0,0,0,0,0,0,0,0,0,0,0,0,0,0,0,0,0,0,0,0,0,0,0,0,0,0,0,0,0,0,0,0,0,0,0,0,0,0,0,0,0,0,0,0,0,0
LTU,Internally displaced persons,0,0,0,0,0,0,0,0,0,0,0,0,0,0,0,0,0,0,0,0,0,0,0,0,0,0,0,0,0,0,0,0,0,0,0,0,0,0,0,0,0,0,0,0,0,0,0,0,0,0,0,0,0,0,0,0,0,0,0,0,0,0,0,0,0,0
LVA,Internally displaced persons,0,0,0,0,0,0,0,0,0,0,0,0,0,0,0,0,0,0,0,0,0,0,0,0,0,0,0,0,0,0,0,0,0,0,0,0,0,0,0,0,0,0,0,0,0,0,0,0,0,0,0,0,0,0,0,0,0,0,0,0,0,0,0,0,0,0
#N/A,Internally displaced persons,0,0,0,0,0,0,0,0,0,0,0,0,0,0,0,0,0,0,0,0,0,0,0,0,0,0,0,0,0,0,0,0,0,0,0,0,0,0,0,0,0,0,0,0,0,0,0,0,0,0,0,0,0,0,0,0,0,0,0,0,0,0,0,0,0,0
MDV,Internally displaced persons,0,0,0,0,0,0,0,0,0,0,0,0,0,0,0,0,0,0,0,0,0,0,0,0,0,0,0,0,0,0,0,0,0,0,0,0,0,0,0,0,0,0,0,0,0,0,0,0,0,0,0,0,0,0,0,0,0,0,0,0,0,0,0,0,0,0
MLT,Internally displaced persons,0,0,0,0,0,0,0,0,0,0,0,0,0,0,0,0,0,0,0,0,0,0,0,0,0,0,0,0,0,0,0,0,0,0,0,0,0,0,0,0,0,0,0,0,0,0,0,0,0,0,0,0,0,0,0,0,0,0,0,0,0,0,0,0,0,0
MNG,Internally displaced persons,0,0,0,0,0,0,0,0,0,0,0,0,0,0,0,0,0,0,0,0,0,0,0,0,0,0,0,0,0,0,0,0,0,0,0,0,0,0,0,0,0,0,0,0,0,0,0,0,0,0,0,0,0,0,0,0,0,0,0,0,0,0,0,0,0,0
MOZ,Internally displaced persons,0,0,0,0,0,0,0,0,0,0,0,0,0,0,0,0,0,0,0,0,0,0,0,0,0,0,0,0,0,0,0,0,0,0,0,0,0,0,0,0,0,0,0,0,0,0,0,0,0,0,0,0,0,0,0,0,0,0,0,0,0,0,0,0,0,15128
MWI,Internally displaced persons,0,0,0,0,0,0,0,0,0,0,0,0,0,0,0,0,0,0,0,0,0,0,0,0,0,0,0,0,0,0,0,0,0,0,0,0,0,0,0,0,0,0,0,0,0,0,0,0,0,0,0,0,0,0,0,0,0,0,0,0,0,0,0,0,0,0
NER,Internally displaced persons,0,0,0,0,0,0,0,0,0,0,0,0,0,0,0,0,0,0,0,0,0,0,0,0,0,0,0,0,0,0,0,0,0,0,0,0,0,0,0,0,0,0,0,0,0,0,0,0,0,0,0,0,0,0,0,0,0,0,0,0,0,0,0,0,137337,121391
NLD,Internally displaced persons,0,0,0,0,0,0,0,0,0,0,0,0,0,0,0,0,0,0,0,0,0,0,0,0,0,0,0,0,0,0,0,0,0,0,0,0,0,0,0,0,0,0,0,0,0,0,0,0,0,0,0,0,0,0,0,0,0,0,0,0,0,0,0,0,0,0
NOR,Internally displaced persons,0,0,0,0,0,0,0,0,0,0,0,0,0,0,0,0,0,0,0,0,0,0,0,0,0,0,0,0,0,0,0,0,0,0,0,0,0,0,0,0,0,0,0,0,0,0,0,0,0,0,0,0,0,0,0,0,0,0,0,0,0,0,0,0,0,0
OMN,Internally displaced persons,0,0,0,0,0,0,0,0,0,0,0,0,0,0,0,0,0,0,0,0,0,0,0,0,0,0,0,0,0,0,0,0,0,0,0,0,0,0,0,0,0,0,0,0,0,0,0,0,0,0,0,0,0,0,0,0,0,0,0,0,0,0,0,0,0,0
PNG,Internally displaced persons,0,0,0,0,0,0,0,0,0,0,0,0,0,0,0,0,0,0,0,0,0,0,0,0,0,0,0,0,0,0,0,0,0,0,0,0,0,0,0,0,0,0,0,0,0,0,0,0,0,0,0,0,0,0,0,0,0,0,0,0,0,0,0,0,0,0
POL,Internally displaced persons,0,0,0,0,0,0,0,0,0,0,0,0,0,0,0,0,0,0,0,0,0,0,0,0,0,0,0,0,0,0,0,0,0,0,0,0,0,0,0,0,0,0,0,0,0,0,0,0,0,0,0,0,0,0,0,0,0,0,0,0,0,0,0,0,0,0
SAU,Internally displaced persons,0,0,0,0,0,0,0,0,0,0,0,0,0,0,0,0,0,0,0,0,0,0,0,0,0,0,0,0,0,0,0,0,0,0,0,0,0,0,0,0,0,0,0,0,0,0,0,0,0,0,0,0,0,0,0,0,0,0,0,0,0,0,0,0,0,0
SLB,Internally displaced persons,0,0,0,0,0,0,0,0,0,0,0,0,0,0,0,0,0,0,0,0,0,0,0,0,0,0,0,0,0,0,0,0,0,0,0,0,0,0,0,0,0,0,0,0,0,0,0,0,0,0,0,0,0,0,0,0,0,0,0,0,0,0,0,0,0,0
SWE,Internally displaced persons,0,0,0,0,0,0,0,0,0,0,0,0,0,0,0,0,0,0,0,0,0,0,0,0,0,0,0,0,0,0,0,0,0,0,0,0,0,0,0,0,0,0,0,0,0,0,0,0,0,0,0,0,0,0,0,0,0,0,0,0,0,0,0,0,0,0
SYC,Internally displaced persons,0,0,0,0,0,0,0,0,0,0,0,0,0,0,0,0,0,0,0,0,0,0,0,0,0,0,0,0,0,0,0,0,0,0,0,0,0,0,0,0,0,0,0,0,0,0,0,0,0,0,0,0,0,0,0,0,0,0,0,0,0,0,0,0,0,0
#N/A,Internally displaced persons,0,0,0,0,0,0,0,0,0,0,0,0,0,0,0,0,0,0,0,0,0,0,0,0,0,0,0,0,0,0,0,0,0,0,0,0,0,0,0,0,0,0,0,0,0,0,0,0,0,0,0,0,0,0,0,0,0,0,0,0,0,0,0,0,0,0
TON,Internally displaced persons,0,0,0,0,0,0,0,0,0,0,0,0,0,0,0,0,0,0,0,0,0,0,0,0,0,0,0,0,0,0,0,0,0,0,0,0,0,0,0,0,0,0,0,0,0,0,0,0,0,0,0,0,0,0,0,0,0,0,0,0,0,0,0,0,0,0
TUV,Internally displaced persons,0,0,0,0,0,0,0,0,0,0,0,0,0,0,0,0,0,0,0,0,0,0,0,0,0,0,0,0,0,0,0,0,0,0,0,0,0,0,0,0,0,0,0,0,0,0,0,0,0,0,0,0,0,0,0,0,0,0,0,0,0,0,0,0,0,0
VUT,Internally displaced persons,0,0,0,0,0,0,0,0,0,0,0,0,0,0,0,0,0,0,0,0,0,0,0,0,0,0,0,0,0,0,0,0,0,0,0,0,0,0,0,0,0,0,0,0,0,0,0,0,0,0,0,0,0,0,0,0,0,0,0,0,0,0,0,0,0,0
WSM,Internally displaced persons,0,0,0,0,0,0,0,0,0,0,0,0,0,0,0,0,0,0,0,0,0,0,0,0,0,0,0,0,0,0,0,0,0,0,0,0,0,0,0,0,0,0,0,0,0,0,0,0,0,0,0,0,0,0,0,0,0,0,0,0,0,0,0,0,0,0
AUS,Internally displaced persons,0,0,0,0,0,0,0,0,0,0,0,0,0,0,0,0,0,0,0,0,0,0,0,0,0,0,0,0,0,0,0,0,0,0,0,0,0,0,0,0,0,0,0,0,0,0,0,0,0,0,0,0,0,0,0,0,0,0,0,0,0,0,0,0,0,0
COM,Internally displaced persons,0,0,0,0,0,0,0,0,0,0,0,0,0,0,0,0,0,0,0,0,0,0,0,0,0,0,0,0,0,0,0,0,0,0,0,0,0,0,0,0,0,0,0,0,0,0,0,0,0,0,0,0,0,0,0,0,0,0,0,0,0,0,0,0,0,0
GAB,Internally displaced persons,0,0,0,0,0,0,0,0,0,0,0,0,0,0,0,0,0,0,0,0,0,0,0,0,0,0,0,0,0,0,0,0,0,0,0,0,0,0,0,0,0,0,0,0,0,0,0,0,0,0,0,0,0,0,0,0,0,0,0,0,0,0,0,0,0,0
GNQ,Internally displaced persons,0,0,0,0,0,0,0,0,0,0,0,0,0,0,0,0,0,0,0,0,0,0,0,0,0,0,0,0,0,0,0,0,0,0,0,0,0,0,0,0,0,0,0,0,0,0,0,0,0,0,0,0,0,0,0,0,0,0,0,0,0,0,0,0,0,0
MDG,Internally displaced persons,0,0,0,0,0,0,0,0,0,0,0,0,0,0,0,0,0,0,0,0,0,0,0,0,0,0,0,0,0,0,0,0,0,0,0,0,0,0,0,0,0,0,0,0,0,0,0,0,0,0,0,0,0,0,0,0,0,0,0,0,0,0,0,0,0,0
QAT,Internally displaced persons,0,0,0,0,0,0,0,0,0,0,0,0,0,0,0,0,0,0,0,0,0,0,0,0,0,0,0,0,0,0,0,0,0,0,0,0,0,0,0,0,0,0,0,0,0,0,0,0,0,0,0,0,0,0,0,0,0,0,0,0,0,0,0,0,0,0
CHE,Internally displaced persons,0,0,0,0,0,0,0,0,0,0,0,0,0,0,0,0,0,0,0,0,0,0,0,0,0,0,0,0,0,0,0,0,0,0,0,0,0,0,0,0,0,0,0,0,0,0,0,0,0,0,0,0,0,0,0,0,0,0,0,0,0,0,0,0,0,0
LSO,Internally displaced persons,0,0,0,0,0,0,0,0,0,0,0,0,0,0,0,0,0,0,0,0,0,0,0,0,0,0,0,0,0,0,0,0,0,0,0,0,0,0,0,0,0,0,0,0,0,0,0,0,0,0,0,0,0,0,0,0,0,0,0,0,0,0,0,0,0,0
STP,Internally displaced persons,0,0,0,0,0,0,0,0,0,0,0,0,0,0,0,0,0,0,0,0,0,0,0,0,0,0,0,0,0,0,0,0,0,0,0,0,0,0,0,0,0,0,0,0,0,0,0,0,0,0,0,0,0,0,0,0,0,0,0,0,0,0,0,0,0,0
SVN,Internally displaced persons,0,0,0,0,0,0,0,0,0,0,0,0,0,0,0,0,0,0,0,0,0,0,0,0,0,0,0,0,0,0,0,0,0,0,0,0,0,0,0,0,0,0,0,0,0,0,0,0,0,0,0,0,0,0,0,0,0,0,0,0,0,0,0,0,0,0
SWZ,Internally displaced persons,0,0,0,0,0,0,0,0,0,0,0,0,0,0,0,0,0,0,0,0,0,0,0,0,0,0,0,0,0,0,0,0,0,0,0,0,0,0,0,0,0,0,0,0,0,0,0,0,0,0,0,0,0,0,0,0,0,0,0,0,0,0,0,0,0,0
TTO,Internally displaced persons,0,0,0,0,0,0,0,0,0,0,0,0,0,0,0,0,0,0,0,0,0,0,0,0,0,0,0,0,0,0,0,0,0,0,0,0,0,0,0,0,0,0,0,0,0,0,0,0,0,0,0,0,0,0,0,0,0,0,0,0,0,0,0,0,0,0
ABW,Internally displaced persons,0,0,0,0,0,0,0,0,0,0,0,0,0,0,0,0,0,0,0,0,0,0,0,0,0,0,0,0,0,0,0,0,0,0,0,0,0,0,0,0,0,0,0,0,0,0,0,0,0,0,0,0,0,0,0,0,0,0,0,0,0,0,0,0,0,0
ABW,Refugees (incl. refugee-like status),0,0,0,0,0,0,0,0,0,0,0,0,0,0,0,0,0,0,0,0,0,0,0,0,0,0,0,0,0,0,0,0,0,0,0,0,0,0,0,0,0,0,0,0,0,0,0,0,0,0,0,0,0,0,0,0,0,0,0,0,0,0,0,0,0,0
ATG,Internally displaced persons,0,0,0,0,0,0,0,0,0,0,0,0,0,0,0,0,0,0,0,0,0,0,0,0,0,0,0,0,0,0,0,0,0,0,0,0,0,0,0,0,0,0,0,0,0,0,0,0,0,0,0,0,0,0,0,0,0,0,0,0,0,0,0,0,0,0
BHS,Internally displaced persons,0,0,0,0,0,0,0,0,0,0,0,0,0,0,0,0,0,0,0,0,0,0,0,0,0,0,0,0,0,0,0,0,0,0,0,0,0,0,0,0,0,0,0,0,0,0,0,0,0,0,0,0,0,0,0,0,0,0,0,0,0,0,0,0,0,0
BLZ,Internally displaced persons,0,0,0,0,0,0,0,0,0,0,0,0,0,0,0,0,0,0,0,0,0,0,0,0,0,0,0,0,0,0,0,0,0,0,0,0,0,0,0,0,0,0,0,0,0,0,0,0,0,0,0,0,0,0,0,0,0,0,0,0,0,0,0,0,0,0
BMU,Internally displaced persons,0,0,0,0,0,0,0,0,0,0,0,0,0,0,0,0,0,0,0,0,0,0,0,0,0,0,0,0,0,0,0,0,0,0,0,0,0,0,0,0,0,0,0,0,0,0,0,0,0,0,0,0,0,0,0,0,0,0,0,0,0,0,0,0,0,0
BRB,Internally displaced persons,0,0,0,0,0,0,0,0,0,0,0,0,0,0,0,0,0,0,0,0,0,0,0,0,0,0,0,0,0,0,0,0,0,0,0,0,0,0,0,0,0,0,0,0,0,0,0,0,0,0,0,0,0,0,0,0,0,0,0,0,0,0,0,0,0,0
DMA,Internally displaced persons,0,0,0,0,0,0,0,0,0,0,0,0,0,0,0,0,0,0,0,0,0,0,0,0,0,0,0,0,0,0,0,0,0,0,0,0,0,0,0,0,0,0,0,0,0,0,0,0,0,0,0,0,0,0,0,0,0,0,0,0,0,0,0,0,0,0
FIN,Internally displaced persons,0,0,0,0,0,0,0,0,0,0,0,0,0,0,0,0,0,0,0,0,0,0,0,0,0,0,0,0,0,0,0,0,0,0,0,0,0,0,0,0,0,0,0,0,0,0,0,0,0,0,0,0,0,0,0,0,0,0,0,0,0,0,0,0,0,0
GLP,Internally displaced persons,0,0,0,0,0,0,0,0,0,0,0,0,0,0,0,0,0,0,0,0,0,0,0,0,0,0,0,0,0,0,0,0,0,0,0,0,0,0,0,0,0,0,0,0,0,0,0,0,0,0,0,0,0,0,0,0,0,0,0,0,0,0,0,0,0,0
GLP,Refugees (incl. refugee-like status),0,0,0,0,0,0,0,0,0,0,0,0,0,0,0,0,0,0,0,0,0,0,0,0,0,0,0,0,0,0,0,0,0,0,0,0,0,0,0,0,0,0,0,0,0,0,0,0,0,0,0,0,0,0,0,0,0,0,0,0,0,0,0,0,0,0
GRD,Internally displaced persons,0,0,0,0,0,0,0,0,0,0,0,0,0,0,0,0,0,0,0,0,0,0,0,0,0,0,0,0,0,0,0,0,0,0,0,0,0,0,0,0,0,0,0,0,0,0,0,0,0,0,0,0,0,0,0,0,0,0,0,0,0,0,0,0,0,0
ISL,Internally displaced persons,0,0,0,0,0,0,0,0,0,0,0,0,0,0,0,0,0,0,0,0,0,0,0,0,0,0,0,0,0,0,0,0,0,0,0,0,0,0,0,0,0,0,0,0,0,0,0,0,0,0,0,0,0,0,0,0,0,0,0,0,0,0,0,0,0,0
KNA,Internally displaced persons,0,0,0,0,0,0,0,0,0,0,0,0,0,0,0,0,0,0,0,0,0,0,0,0,0,0,0,0,0,0,0,0,0,0,0,0,0,0,0,0,0,0,0,0,0,0,0,0,0,0,0,0,0,0,0,0,0,0,0,0,0,0,0,0,0,0
LCA,Internally displaced persons,0,0,0,0,0,0,0,0,0,0,0,0,0,0,0,0,0,0,0,0,0,0,0,0,0,0,0,0,0,0,0,0,0,0,0,0,0,0,0,0,0,0,0,0,0,0,0,0,0,0,0,0,0,0,0,0,0,0,0,0,0,0,0,0,0,0
LUX,Internally displaced persons,0,0,0,0,0,0,0,0,0,0,0,0,0,0,0,0,0,0,0,0,0,0,0,0,0,0,0,0,0,0,0,0,0,0,0,0,0,0,0,0,0,0,0,0,0,0,0,0,0,0,0,0,0,0,0,0,0,0,0,0,0,0,0,0,0,0
SMR,Internally displaced persons,0,0,0,0,0,0,0,0,0,0,0,0,0,0,0,0,0,0,0,0,0,0,0,0,0,0,0,0,0,0,0,0,0,0,0,0,0,0,0,0,0,0,0,0,0,0,0,0,0,0,0,0,0,0,0,0,0,0,0,0,0,0,0,0,0,0
#N/A,Internally displaced persons,0,0,0,0,0,0,0,0,0,0,0,0,0,0,0,0,0,0,0,0,0,0,0,0,0,0,0,0,0,0,0,0,0,0,0,0,0,0,0,0,0,0,0,0,0,0,0,0,0,0,0,0,0,0,0,0,0,0,0,0,0,0,0,0,0,0
#N/A,Refugees (incl. refugee-like status),0,0,0,0,0,0,0,0,0,0,0,0,0,0,0,0,0,0,0,0,0,0,0,0,0,0,0,0,0,0,0,0,0,0,0,0,0,0,0,0,0,0,0,0,0,0,0,0,0,0,0,0,0,0,0,0,0,0,0,0,0,0,0,0,0,0
TCA,Internally displaced persons,0,0,0,0,0,0,0,0,0,0,0,0,0,0,0,0,0,0,0,0,0,0,0,0,0,0,0,0,0,0,0,0,0,0,0,0,0,0,0,0,0,0,0,0,0,0,0,0,0,0,0,0,0,0,0,0,0,0,0,0,0,0,0,0,0,0
VCT,Internally displaced persons,0,0,0,0,0,0,0,0,0,0,0,0,0,0,0,0,0,0,0,0,0,0,0,0,0,0,0,0,0,0,0,0,0,0,0,0,0,0,0,0,0,0,0,0,0,0,0,0,0,0,0,0,0,0,0,0,0,0,0,0,0,0,0,0,0,0
BRN,Internally displaced persons,0,0,0,0,0,0,0,0,0,0,0,0,0,0,0,0,0,0,0,0,0,0,0,0,0,0,0,0,0,0,0,0,0,0,0,0,0,0,0,0,0,0,0,0,0,0,0,0,0,0,0,0,0,0,0,0,0,0,0,0,0,0,0,0,0,0
MCO,Internally displaced persons,0,0,0,0,0,0,0,0,0,0,0,0,0,0,0,0,0,0,0,0,0,0,0,0,0,0,0,0,0,0,0,0,0,0,0,0,0,0,0,0,0,0,0,0,0,0,0,0,0,0,0,0,0,0,0,0,0,0,0,0,0,0,0,0,0,0
PLW,Internally displaced persons,0,0,0,0,0,0,0,0,0,0,0,0,0,0,0,0,0,0,0,0,0,0,0,0,0,0,0,0,0,0,0,0,0,0,0,0,0,0,0,0,0,0,0,0,0,0,0,0,0,0,0,0,0,0,0,0,0,0,0,0,0,0,0,0,0,0
#N/A,Internally displaced persons,0,0,0,0,0,0,0,0,0,0,0,0,0,0,0,0,0,0,0,0,0,0,0,0,0,0,0,0,0,0,0,0,0,0,0,0,0,0,0,0,0,0,0,0,0,0,0,0,0,0,0,0,0,0,0,0,0,0,0,0,0,0,0,0,0,0
#N/A,Refugees (incl. refugee-like status),0,0,0,0,0,0,0,0,0,0,0,0,0,0,0,0,0,0,0,0,0,0,0,0,0,0,0,0,0,0,0,0,0,0,0,0,0,0,0,0,0,0,0,0,0,0,0,0,0,0,0,0,0,0,0,0,0,0,0,0,0,0,0,0,0,0
AND,Internally displaced persons,0,0,0,0,0,0,0,0,0,0,0,0,0,0,0,0,0,0,0,0,0,0,0,0,0,0,0,0,0,0,0,0,0,0,0,0,0,0,0,0,0,0,0,0,0,0,0,0,0,0,0,0,0,0,0,0,0,0,0,0,0,0,0,0,0,0
CYM,Internally displaced persons,0,0,0,0,0,0,0,0,0,0,0,0,0,0,0,0,0,0,0,0,0,0,0,0,0,0,0,0,0,0,0,0,0,0,0,0,0,0,0,0,0,0,0,0,0,0,0,0,0,0,0,0,0,0,0,0,0,0,0,0,0,0,0,0,0,0
FSM,Internally displaced persons,0,0,0,0,0,0,0,0,0,0,0,0,0,0,0,0,0,0,0,0,0,0,0,0,0,0,0,0,0,0,0,0,0,0,0,0,0,0,0,0,0,0,0,0,0,0,0,0,0,0,0,0,0,0,0,0,0,0,0,0,0,0,0,0,0,0
FSM,Refugees (incl. refugee-like status),0,0,0,0,0,0,0,0,0,0,0,0,0,0,0,0,0,0,0,0,0,0,0,0,0,0,0,0,0,0,0,0,0,0,0,0,0,0,0,0,0,0,0,0,0,0,0,0,0,0,0,0,0,0,0,0,0,0,0,0,0,0,0,0,0,0
PYF,Internally displaced persons,0,0,0,0,0,0,0,0,0,0,0,0,0,0,0,0,0,0,0,0,0,0,0,0,0,0,0,0,0,0,0,0,0,0,0,0,0,0,0,0,0,0,0,0,0,0,0,0,0,0,0,0,0,0,0,0,0,0,0,0,0,0,0,0,0,0
COK,Internally displaced persons,0,0,0,0,0,0,0,0,0,0,0,0,0,0,0,0,0,0,0,0,0,0,0,0,0,0,0,0,0,0,0,0,0,0,0,0,0,0,0,0,0,0,0,0,0,0,0,0,0,0,0,0,0,0,0,0,0,0,0,0,0,0,0,0,0,0
LIE,Internally displaced persons,0,0,0,0,0,0,0,0,0,0,0,0,0,0,0,0,0,0,0,0,0,0,0,0,0,0,0,0,0,0,0,0,0,0,0,0,0,0,0,0,0,0,0,0,0,0,0,0,0,0,0,0,0,0,0,0,0,0,0,0,0,0,0,0,0,0
LIE,Refugees (incl. refugee-like status),0,0,0,0,0,0,0,0,0,0,0,0,0,0,0,0,0,0,0,0,0,0,0,0,0,0,0,0,0,0,0,0,0,0,0,0,0,0,0,0,0,0,0,0,0,0,0,0,0,0,0,0,0,0,0,0,0,0,0,0,0,0,0,0,0,0
MHL,Internally displaced persons,0,0,0,0,0,0,0,0,0,0,0,0,0,0,0,0,0,0,0,0,0,0,0,0,0,0,0,0,0,0,0,0,0,0,0,0,0,0,0,0,0,0,0,0,0,0,0,0,0,0,0,0,0,0,0,0,0,0,0,0,0,0,0,0,0,0
NRU,Internally displaced persons,0,0,0,0,0,0,0,0,0,0,0,0,0,0,0,0,0,0,0,0,0,0,0,0,0,0,0,0,0,0,0,0,0,0,0,0,0,0,0,0,0,0,0,0,0,0,0,0,0,0,0,0,0,0,0,0,0,0,0,0,0,0,0,0,0,0
#N/A,Internally displaced persons,0,0,0,0,0,0,0,0,0,0,0,0,0,0,0,0,0,0,0,0,0,0,0,0,0,0,0,0,0,0,0,0,0,0,0,0,0,0,0,0,0,0,0,0,0,0,0,0,0,0,0,0,0,0,0,0,0,0,0,0,0,0,0,0,0,0
#N/A,Internally displaced persons,0,0,0,0,0,0,0,0,0,0,0,0,0,0,0,0,0,0,0,0,0,0,0,0,0,0,0,0,0,0,0,0,0,0,0,0,0,0,0,0,0,0,0,0,0,0,0,0,0,0,0,0,0,0,0,0,0,0,0,0,0,0,0,0,0,0
GIB,Internally displaced persons,0,0,0,0,0,0,0,0,0,0,0,0,0,0,0,0,0,0,0,0,0,0,0,0,0,0,0,0,0,0,0,0,0,0,0,0,0,0,0,0,0,0,0,0,0,0,0,0,0,0,0,0,0,0,0,0,0,0,0,0,0,0,0,0,0,0
NIU,Internally displaced persons,0,0,0,0,0,0,0,0,0,0,0,0,0,0,0,0,0,0,0,0,0,0,0,0,0,0,0,0,0,0,0,0,0,0,0,0,0,0,0,0,0,0,0,0,0,0,0,0,0,0,0,0,0,0,0,0,0,0,0,0,0,0,0,0,0,0
AIA,Internally displaced persons,0,0,0,0,0,0,0,0,0,0,0,0,0,0,0,0,0,0,0,0,0,0,0,0,0,0,0,0,0,0,0,0,0,0,0,0,0,0,0,0,0,0,0,0,0,0,0,0,0,0,0,0,0,0,0,0,0,0,0,0,0,0,0,0,0,0
AIA,Refugees (incl. refugee-like status),0,0,0,0,0,0,0,0,0,0,0,0,0,0,0,0,0,0,0,0,0,0,0,0,0,0,0,0,0,0,0,0,0,0,0,0,0,0,0,0,0,0,0,0,0,0,0,0,0,0,0,0,0,0,0,0,0,0,0,0,0,0,0,1,1,0
NFK,Internally displaced persons,0,0,0,0,0,0,0,0,0,0,0,0,0,0,0,0,0,0,0,0,0,0,0,0,0,0,0,0,0,0,0,0,0,0,0,0,0,0,0,0,0,0,0,0,0,0,0,0,0,0,0,0,0,0,0,0,0,0,0,0,0,0,0,0,0,0
NFK,Refugees (incl. refugee-like status),0,0,0,0,0,0,0,0,0,0,0,0,0,0,0,0,0,0,0,0,0,0,0,0,0,0,0,0,0,0,0,0,0,0,0,0,0,0,0,0,0,0,0,0,0,0,0,0,0,0,0,0,0,0,0,0,0,0,0,0,0,0,0,1,1,0
#N/A,Internally displaced persons,0,0,0,0,0,0,0,0,0,0,0,0,0,0,0,0,0,0,0,0,0,0,0,0,0,0,0,0,0,0,0,0,0,0,0,0,0,0,0,0,0,0,0,0,0,0,0,0,0,0,0,0,0,0,0,0,0,0,0,0,0,0,0,0,0,0
#N/A,Refugees (incl. refugee-like status),0,0,0,0,0,0,0,0,0,0,0,0,0,0,0,0,0,0,0,0,0,0,0,0,0,0,0,0,0,0,0,0,0,0,0,0,0,0,0,0,0,0,0,0,0,0,0,0,0,0,0,0,0,0,0,0,0,0,0,0,0,0,0,0,0,0
SJM,Internally displaced persons,0,0,0,0,0,0,0,0,0,0,0,0,0,0,0,0,0,0,0,0,0,0,0,0,0,0,0,0,0,0,0,0,0,0,0,0,0,0,0,0,0,0,0,0,0,0,0,0,0,0,0,0,0,0,0,0,0,0,0,0,0,0,0,0,0,0
SJM,Refugees (incl. refugee-like status),0,0,0,0,0,0,0,0,0,0,0,0,0,0,0,0,0,0,0,0,0,0,0,0,0,0,0,0,0,0,0,0,0,0,0,0,0,0,0,0,0,0,0,0,0,0,0,0,0,0,0,0,0,0,0,0,0,0,0,0,0,0,0,0,0,0
ASM,Internally displaced persons,0,0,0,0,0,0,0,0,0,0,0,0,0,0,0,0,0,0,0,0,0,0,0,0,0,0,0,0,0,0,0,0,0,0,0,0,0,0,0,0,0,0,0,0,0,0,0,0,0,0,0,0,0,0,0,0,0,0,0,0,0,0,0,0,0,0
ASM,Refugees (incl. refugee-like status),0,0,0,0,0,0,0,0,0,0,0,0,0,0,0,0,0,0,0,0,0,0,0,0,0,0,0,0,0,0,0,0,0,0,0,0,0,0,0,0,0,0,0,0,0,0,0,0,0,0,0,0,0,0,0,0,0,0,0,0,0,0,0,0,0,0
GUF,Internally displaced persons,0,0,0,0,0,0,0,0,0,0,0,0,0,0,0,0,0,0,0,0,0,0,0,0,0,0,0,0,0,0,0,0,0,0,0,0,0,0,0,0,0,0,0,0,0,0,0,0,0,0,0,0,0,0,0,0,0,0,0,0,0,0,0,0,0,0
